DAYOFYEAR,HOUROFDAY,ENTRIES,EXITS,HOURLYPrecip
1,0,63,63,0.0166666666667
1,1,65,82,0.03
1,2,18,30,0.0
1,3,31,29,0.0
1,4,31,25,0.0
1,5,19,25,0.0
1,6,16,21,0.0
1,7,65,47,0.0
1,8,86,55,0.0
1,9,74,71,0.0
1,10,53,63,0.0
1,11,142,110,0.0
1,12,161,111,0.0
1,13,120,123,0.0
1,14,58,92,0.0
1,15,179,148,0.0
1,16,150,128,0.0
1,17,60,63,0.0
1,18,41,65,0.0
1,19,106,92,0.0
1,20,75,72,0.0
1,21,52,36,0.0
1,22,12,31,0.0
1,23,30,30,0.0
2,0,14,18,0.0
2,1,12,8,0.0
2,2,5,7,0.0
2,3,28,17,0.0
2,4,48,27,0.0
2,5,42,35,0.0
2,6,33,42,0.0
2,7,113,90,0.03
2,8,130,90,0.02
2,9,108,84,0.0233333333333
2,10,63,73,0.022
2,11,185,150,0.05
2,12,187,136,0.0133333333333
2,13,154,120,0.012
2,14,73,100,0.0233333333333
2,15,229,175,0.024
2,16,179,144,0.0155555555556
2,17,115,90,0.0266666666667
2,18,40,46,0.0254545454545
2,19,118,96,0.025
2,20,78,74,0.00333333333333
2,21,58,38,0.00333333333333
2,22,11,17,0.025
2,23,28,29,0.00714285714286
3,0,13,16,0.0125
3,1,13,8,0.0183333333333
3,2,26,13,0.0225
3,3,81,44,0.00666666666667
3,4,181,91,0.0166666666667
3,5,276,202,0.0333333333333
3,6,365,223,0.0333333333333
3,7,365,291,0.0166666666667
3,8,279,201,0.0214285714286
3,9,110,129,0.025
3,10,79,89,0.0216666666667
3,11,228,173,0.03
3,12,252,179,0.046
3,13,164,178,0.0342857142857
3,14,238,268,0.0214285714286
3,15,475,310,0.06875
3,16,356,285,0.0522222222222
3,17,215,251,0.02
3,18,131,159,0.0275
3,19,179,146,0.00428571428571
3,20,100,99,0.0
3,21,56,44,0.00625
3,22,16,14,0.012
3,23,32,32,0.0144444444444
4,0,15,18,0.0
4,1,12,11,0.0
4,2,21,14,0.0
4,3,86,42,0.0
4,4,195,94,0.01875
4,5,264,259,0.025
4,6,231,262,0.0
4,7,396,297,0.0
4,8,333,229,0.0
4,9,130,125,0.0
4,10,67,87,0.0
4,11,241,180,0.0
4,12,273,183,0.0
4,13,179,206,0.0
4,14,227,231,0.0
4,15,492,334,0.0
4,16,400,315,0.0
4,17,261,291,0.0
4,18,128,154,0.0
4,19,194,161,0.0
4,20,103,102,0.0
4,21,77,41,0.0
4,22,16,23,0.0
4,23,33,33,0.0
5,0,15,19,0.0
5,1,14,9,0.0
5,2,14,16,0.0
5,3,85,45,0.0
5,4,205,99,0.0
5,5,324,227,0.0
5,6,198,258,0.0
5,7,402,314,0.0
5,8,324,227,0.0
5,9,159,142,0.0
5,10,69,99,0.0
5,11,233,177,0.0
5,12,260,176,0.0
5,13,239,194,0.0
5,14,230,171,0.0
5,15,494,334,0.0
5,16,379,302,0.0
5,17,285,466,0.0
5,18,130,110,0.0
5,19,202,164,0.0
5,20,112,108,0.0
5,21,74,77,0.0
5,22,19,21,0.0
5,23,36,36,0.00833333333333
6,0,17,19,0.05
6,1,13,9,0.0216666666667
6,2,16,14,0.014
6,3,82,48,0.0257142857143
6,4,182,92,0.03
6,5,354,182,0.0333333333333
6,6,203,199,0.0375
6,7,384,295,0.0254545454545
6,8,276,215,0.0333333333333
6,9,131,131,0.0
6,10,89,96,0.0
6,11,250,183,0.0
6,12,266,183,0.0
6,13,153,145,0.0
6,14,269,254,0.0
6,15,483,324,0.0
6,16,382,300,0.0
6,17,193,252,0.0
6,18,168,195,0.0
6,19,202,162,0.0
6,20,68,54,0.0
6,21,12,4,0.0
6,22,20,4,0.0
6,23,38,15,0.0
7,0,25,29,0.0
7,1,14,14,0.0
7,2,9,9,0.0
7,3,29,20,0.0
7,4,48,32,0.0
7,5,30,35,0.0
7,6,37,35,0.0
7,7,120,97,0.0
7,8,140,100,0.05
7,9,83,91,0.0381818181818
7,10,59,53,0.02625
7,11,179,146,0.022
7,12,183,134,0.0144444444444
7,13,107,122,0.0172727272727
7,14,66,71,0.0175
7,15,211,159,0.0325
7,16,174,140,0.01875
7,17,75,87,0.015
7,18,44,52,0.0171428571429
7,19,118,94,0.0263636363636
7,20,85,78,0.03
7,21,63,45,0.0383333333333
7,22,18,29,0.0133333333333
7,23,42,40,0.00833333333333
8,0,21,26,0.0
8,1,11,11,0.0
8,2,5,7,0.0
8,3,19,14,0.0
8,4,33,21,0.00833333333333
8,5,20,23,0.0
8,6,21,26,0.0
8,7,84,64,0.0
8,8,112,76,0.0
8,9,67,71,0.0
8,10,50,60,0.0
8,11,152,124,0.0
8,12,169,121,0.0
8,13,97,102,0.0
8,14,48,77,0.0
8,15,170,135,0.0
8,16,140,121,0.01
8,17,88,76,0.0166666666667
8,18,27,49,0.0
8,19,87,74,0.0
8,20,63,59,0.0
8,21,48,28,0.0
8,22,8,14,0.0
8,23,22,21,0.0
9,0,11,14,0.0
9,1,11,8,0.0
9,2,18,14,0.0
9,3,78,38,0.0
9,4,182,78,0.0
9,5,485,197,0.0
9,6,212,300,0.0
9,7,390,302,0.0
9,8,288,225,0.0
9,9,191,140,0.0
9,10,71,87,0.0
9,11,218,165,0.0
9,12,233,160,0.0
9,13,190,188,0.0
9,14,274,204,0.0
9,15,461,306,0.0
9,16,363,291,0.0
9,17,220,319,0.0
9,18,135,156,0.0
9,19,182,149,0.0
9,20,99,96,0.0
9,21,49,36,0.0
9,22,15,19,0.0
9,23,29,30,0.0
10,0,14,17,0.0
10,1,10,5,0.0
10,2,28,15,0.0
10,3,85,43,0.0
10,4,187,93,0.0
10,5,298,202,0.0
10,6,376,260,0.0
10,7,415,319,0.0
10,8,323,233,0.0
10,9,113,126,0.0
10,10,66,68,0.0
10,11,239,174,0.0
10,12,250,170,0.0
10,13,175,179,0.0
10,14,221,241,0.0
10,15,497,327,0.0
10,16,384,300,0.0
10,17,250,272,0.0
10,18,144,152,0.0
10,19,199,164,0.0
10,20,112,109,0.0
10,21,57,46,0.0
10,22,14,15,0.0
10,23,33,33,0.0
11,0,15,18,0.0
11,1,14,12,0.0185714285714
11,2,23,15,0.0575
11,3,93,48,0.0742857142857
11,4,198,94,0.0166666666667
11,5,322,261,0.0
11,6,132,156,0.0
11,7,424,316,0.0
11,8,334,235,0.0
11,9,136,154,0.0
11,10,73,88,0.0
11,11,235,176,0.0
11,12,265,175,0.0
11,13,192,204,0.0
11,14,240,205,0.0
11,15,483,326,0.0
11,16,392,313,0.0
11,17,233,280,0.0
11,18,134,145,0.0
11,19,198,157,0.0
11,20,118,116,0.0
11,21,72,53,0.0433333333333
11,22,19,23,0.0657142857143
11,23,32,32,0.0438461538462
12,0,15,19,0.036
12,1,12,9,0.02
12,2,21,16,0.016
12,3,84,45,0.024
12,4,205,90,0.0
12,5,357,217,0.025
12,6,154,186,0.02
12,7,409,321,0.0
12,8,329,226,0.0
12,9,158,149,0.0
12,10,76,103,0.0
12,11,239,178,0.0
12,12,257,176,0.0333333333333
12,13,247,197,0.0
12,14,230,208,0.0
12,15,495,329,0.0
12,16,376,302,0.01
12,17,302,383,0.0
12,18,158,161,0.0
12,19,206,160,0.0
12,20,119,116,0.0
12,21,90,73,0.0
12,22,24,32,0.0
12,23,40,40,0.00833333333333
13,0,18,21,0.0166666666667
13,1,15,12,0.0
13,2,19,16,0.0
13,3,83,43,0.0
13,4,184,97,0.0
13,5,342,167,0.0
13,6,240,257,0.0
13,7,356,280,0.0
13,8,299,212,0.0
13,9,119,132,0.0
13,10,101,102,0.0
13,11,260,190,0.0
13,12,284,194,0.0
13,13,188,186,0.0
13,14,277,244,0.0
13,15,485,329,0.0
13,16,381,297,0.0
13,17,195,253,0.0
13,18,150,160,0.0
13,19,201,163,0.0
13,20,51,51,0.0
13,21,8,14,0.0
13,22,67,6,0.0
13,23,38,15,0.0
14,0,27,30,0.0
14,1,17,14,0.0
14,2,9,12,0.0
14,3,34,23,0.0
14,4,49,30,0.0
14,5,32,38,0.0
14,6,34,36,0.0
14,7,127,102,0.0
14,8,144,100,0.0
14,9,86,109,0.0
14,10,64,71,0.0
14,11,196,156,0.0
14,12,205,145,0.0
14,13,126,134,0.0
14,14,82,93,0.0357142857143
14,15,225,176,0.035
14,16,184,151,0.0209090909091
14,17,100,112,0.0208333333333
14,18,56,69,0.0166666666667
14,19,127,104,0.0109090909091
14,20,95,85,0.016
14,21,61,50,0.045
14,22,31,31,0.037
14,23,45,44,0.0142857142857
15,0,24,29,0.0
15,1,14,14,0.0
15,2,7,9,0.0
15,3,21,16,0.0
15,4,34,22,0.0
15,5,21,22,0.0
15,6,21,31,0.0
15,7,92,68,0.0
15,8,117,78,0.0
15,9,83,75,0.0
15,10,53,90,0.0
15,11,163,134,0.0
15,12,179,126,0.0
15,13,111,121,0.0
15,14,60,85,0.0
15,15,190,155,0.0
15,16,156,131,0.0
15,17,104,90,0.0
15,18,32,57,0.0
15,19,107,88,0.0
15,20,75,72,0.0
15,21,54,36,0.0
15,22,11,23,0.0
15,23,30,31,0.0
16,0,15,18,0.0
16,1,14,9,0.0
16,2,10,11,0.0
16,3,50,29,0.0
16,4,82,46,0.0
16,5,124,74,0.0
16,6,71,76,0.0
16,7,175,153,0.0
16,8,173,124,0.0
16,9,114,89,0.0
16,10,63,76,0.0
16,11,198,158,0.0
16,12,202,148,0.0
16,13,143,120,0.0
16,14,121,123,0.0
16,15,295,210,0.0
16,16,226,191,0.0
16,17,121,125,0.0
16,18,68,67,0.0
16,19,133,108,0.0
16,20,85,80,0.0
16,21,40,27,0.0
16,22,13,15,0.0
16,23,26,28,0.0
17,0,15,16,0.0
17,1,10,7,0.0
17,2,26,14,0.0
17,3,87,44,0.0
17,4,183,92,0.0
17,5,318,201,0.0
17,6,348,248,0.0
17,7,357,281,0.0
17,8,328,231,0.0
17,9,101,138,0.0175
17,10,79,75,0.0216666666667
17,11,233,173,0.0328571428571
17,12,253,173,0.036
17,13,172,183,0.0122222222222
17,14,215,228,0.0225
17,15,489,320,0.02875
17,16,381,300,0.0214285714286
17,17,248,289,0.0425
17,18,129,137,0.0536363636364
17,19,192,158,0.043
17,20,106,109,0.02625
17,21,58,40,0.025
17,22,15,15,0.0336363636364
17,23,29,31,0.01375
18,0,14,17,0.0183333333333
18,1,11,10,0.01
18,2,27,15,0.0133333333333
18,3,90,43,0.04
18,4,204,97,0.03
18,5,302,250,0.0
18,6,230,258,0.0
18,7,417,312,0.0142857142857
18,8,301,220,0.01
18,9,140,159,0.025
18,10,70,90,0.0166666666667
18,11,232,175,0.0
18,12,263,182,0.0
18,13,205,205,0.0
18,14,230,214,0.0
18,15,473,319,0.0
18,16,389,308,0.0
18,17,267,344,0.0
18,18,125,151,0.0
18,19,197,158,0.0
18,20,119,117,0.0
18,21,74,55,0.0
18,22,15,25,0.0
18,23,33,33,0.0
19,0,19,19,0.0
19,1,14,8,0.0
19,2,22,17,0.0
19,3,87,45,0.0
19,4,206,95,0.0
19,5,390,225,0.0
19,6,146,214,0.0
19,7,379,296,0.0
19,8,328,227,0.0
19,9,151,160,0.0
19,10,72,81,0.0
19,11,239,181,0.0
19,12,259,176,0.0
19,13,154,134,0.0
19,14,266,224,0.0
19,15,494,338,0.0
19,16,383,297,0.0
19,17,290,374,0.0
19,18,144,163,0.0
19,19,215,173,0.0
19,20,120,114,0.0
19,21,73,79,0.0
19,22,22,27,0.0
19,23,38,41,0.0
20,0,19,23,0.0
20,1,13,9,0.0
20,2,21,13,0.0
20,3,84,45,0.0
20,4,187,94,0.0
20,5,328,154,0.0
20,6,252,295,0.0
20,7,377,297,0.0
20,8,316,223,0.0
20,9,112,130,0.0
20,10,98,98,0.0
20,11,248,182,0.0
20,12,275,187,0.0
20,13,197,170,0.0
20,14,263,248,0.0
20,15,483,329,0.0228571428571
20,16,369,299,0.0228571428571
20,17,227,210,0.024
20,18,138,176,0.01
20,19,193,155,0.02
20,20,51,53,0.0
20,21,42,56,0.0125
20,22,20,3,0.00888888888889
20,23,37,15,0.00625
21,0,26,30,0.0
21,1,16,16,0.0
21,2,8,10,0.0
21,3,31,22,0.0
21,4,51,32,0.0
21,5,41,41,0.0
21,6,38,33,0.0
21,7,137,103,0.0
21,8,172,110,0.0
21,9,135,104,0.0
21,10,76,73,0.0
21,11,223,167,0.0
21,12,234,167,0.0
21,13,146,156,0.0
21,14,86,74,0.0
21,15,251,207,0.0
21,16,208,186,0.0
21,17,126,141,0.0
21,18,71,69,0.0
21,19,142,119,0.0
21,20,107,98,0.0
21,21,83,63,0.0
21,22,34,43,0.0
21,23,49,48,0.0
22,0,26,31,0.0
22,1,18,16,0.0
22,2,8,29,0.0
22,3,22,16,0.0
22,4,34,24,0.0
22,5,23,23,0.0
22,6,24,23,0.0
22,7,87,66,0.0
22,8,116,80,0.0
22,9,82,70,0.0
22,10,50,62,0.0
22,11,152,122,0.0
22,12,174,129,0.0
22,13,113,96,0.0
22,14,56,87,0.0166666666667
22,15,167,134,0.03
22,16,144,125,0.0269230769231
22,17,87,79,0.0183333333333
22,18,29,42,0.0
22,19,94,78,0.0
22,20,69,65,0.0
22,21,43,31,0.0
22,22,8,15,0.0
22,23,23,24,0.0
23,0,12,14,0.0
23,1,12,7,0.0
23,2,21,22,0.0
23,3,84,43,0.0
23,4,191,90,0.0
23,5,418,228,0.0
23,6,285,284,0.0
23,7,399,314,0.0
23,8,310,221,0.0
23,9,134,122,0.0
23,10,78,104,0.0
23,11,222,169,0.0
23,12,243,167,0.0166666666667
23,13,184,216,0.00714285714286
23,14,267,250,0.0125
23,15,456,304,0.03
23,16,350,284,0.018
23,17,178,295,0.113333333333
23,18,110,116,0.1175
23,19,157,132,0.07625
23,20,85,88,0.1
23,21,41,32,0.092
23,22,13,16,0.0871428571429
23,23,26,26,0.0766666666667
24,0,12,15,0.1
24,1,10,5,0.07
24,2,24,17,0.064
24,3,82,41,0.04
24,4,181,92,0.0288888888889
24,5,279,197,0.025
24,6,308,248,0.016
24,7,405,315,0.025
24,8,326,234,0.0375
24,9,124,120,0.02
24,10,72,89,0.022
24,11,226,171,0.0333333333333
24,12,240,167,0.116666666667
24,13,210,170,0.0493333333333
24,14,195,210,0.0285714285714
24,15,453,300,0.02
24,16,374,296,0.0454545454545
24,17,260,318,0.052
24,18,137,140,0.02
24,19,193,160,0.0225
24,20,108,108,0.034
24,21,54,56,0.0166666666667
24,22,20,13,0.02
24,23,32,31,0.015
25,0,15,17,0.0
25,1,11,9,0.0
25,2,27,16,0.0
25,3,85,44,0.0
25,4,189,92,0.0
25,5,302,283,0.0
25,6,274,249,0.0
25,7,354,269,0.0
25,8,342,235,0.0
25,9,148,163,0.0
25,10,80,85,0.0
25,11,245,186,0.0
25,12,262,180,0.0
25,13,209,216,0.0
25,14,254,243,0.0
25,15,475,317,0.0
25,16,391,303,0.0
25,17,314,333,0.0
25,18,116,192,0.0
25,19,207,166,0.0
25,20,121,122,0.0
25,21,88,62,0.0
25,22,17,30,0.0
25,23,37,35,0.0
26,0,15,19,0.0
26,1,13,9,0.0
26,2,21,20,0.0
26,3,84,45,0.0
26,4,185,91,0.0
26,5,395,241,0.0
26,6,254,318,0.0
26,7,398,309,0.0
26,8,328,225,0.04
26,9,147,181,0.0133333333333
26,10,92,107,0.024
26,11,242,185,0.0333333333333
26,12,256,178,0.0
26,13,230,216,0.0
26,14,286,212,0.0
26,15,478,334,0.0
26,16,376,295,0.0
26,17,277,393,0.0
26,18,184,164,0.0
26,19,213,172,0.0
26,20,122,116,0.0
26,21,70,68,0.0
26,22,32,30,0.0
26,23,38,37,0.0
27,0,17,20,0.0
27,1,12,10,0.0
27,2,25,17,0.0
27,3,81,45,0.0
27,4,173,89,0.0
27,5,285,149,0.0
27,6,245,266,0.0
27,7,368,296,0.0
27,8,317,219,0.0
27,9,116,133,0.0
27,10,93,117,0.0
27,11,257,193,0.0
27,12,279,193,0.0
27,13,182,192,0.0
27,14,271,278,0.0
27,15,480,320,0.0
27,16,366,291,0.0
27,17,214,263,0.0
27,18,133,168,0.0166666666667
27,19,204,160,0.0
27,20,48,46,0.0
27,21,8,4,0.0
27,22,91,16,0.0
27,23,26,13,0.0
28,0,27,32,0.0
28,1,20,20,0.0
28,2,8,10,0.0
28,3,31,21,0.0
28,4,47,30,0.0
28,5,44,43,0.0
28,6,30,40,0.0
28,7,130,103,0.0
28,8,149,103,0.0
28,9,103,100,0.0
28,10,63,87,0.0
28,11,202,166,0.0
28,12,215,153,0.0
28,13,121,140,0.0
28,14,91,115,0.0166666666667
28,15,234,185,0.0
28,16,206,163,0.0
28,17,110,132,0.0
28,18,74,90,0.0
28,19,138,117,0.0
28,20,106,98,0.0
28,21,73,70,0.0
28,22,30,47,0.0
28,23,52,49,0.0
29,0,28,32,0.0
29,1,19,21,0.0
29,2,8,13,0.0
29,3,26,18,0.0
29,4,32,22,0.0
29,5,25,24,0.0
29,6,25,28,0.0
29,7,88,69,0.0
29,8,116,79,0.0
29,9,96,72,0.0
29,10,51,69,0.0
29,11,169,137,0.0
29,12,179,129,0.0
29,13,128,116,0.0
29,14,61,104,0.0
29,15,194,157,0.0
29,16,164,137,0.0
29,17,102,90,0.0
29,18,38,67,0.0
29,19,100,85,0.0
29,20,70,66,0.0
29,21,45,36,0.0
29,22,12,22,0.0
29,23,23,25,0.0
30,0,12,14,0.0
30,1,11,8,0.0
30,2,17,15,0.0
30,3,82,42,0.0
30,4,181,89,0.0
30,5,392,228,0.0
30,6,310,301,0.0
30,7,336,291,0.0
30,8,323,223,0.0
30,9,128,114,0.0
30,10,91,102,0.0
30,11,232,178,0.0
30,12,250,174,0.0
30,13,158,187,0.0
30,14,299,233,0.0
30,15,467,315,0.0
30,16,375,301,0.0
30,17,222,271,0.0
30,18,146,182,0.0
30,19,199,159,0.0
30,20,107,105,0.0
30,21,47,38,0.0
30,22,20,24,0.0
30,23,30,27,0.0
31,0,13,16,0.0
31,1,13,7,0.0
31,2,28,17,0.0
31,3,88,44,0.0
31,4,201,98,0.0
31,5,326,223,0.0
31,6,316,241,0.0
31,7,431,332,0.0
31,8,339,243,0.0
31,9,128,129,0.05
31,10,75,93,0.0253846153846
31,11,241,178,0.02
31,12,254,181,0.0266666666667
31,13,190,199,0.0227272727273
31,14,219,217,0.017
31,15,480,323,0.04
31,16,380,309,0.025
31,17,239,314,0.0
31,18,129,133,0.0
31,19,207,167,0.0
31,20,117,113,0.0
31,21,61,60,0.0
31,22,19,21,0.0
31,23,32,30,0.0
32,0,14,17,0.0
32,1,10,9,0.0
32,2,30,18,0.0
32,3,88,44,0.0
32,4,202,92,0.0
32,5,260,260,0.0
32,6,276,260,0.0
32,7,366,292,0.0
32,8,343,240,0.0
32,9,153,163,0.0
32,10,79,95,0.0
32,11,244,182,0.0
32,12,276,182,0.0
32,13,214,225,0.0
32,14,231,255,0.0
32,15,488,336,0.0
32,16,398,311,0.0
32,17,320,332,0.0
32,18,134,185,0.0
32,19,215,173,0.0
32,20,119,121,0.0
32,21,82,65,0.0
32,22,16,30,0.0
32,23,34,32,0.0
33,0,14,18,0.0
33,1,13,8,0.0
33,2,21,18,0.0
33,3,89,45,0.0
33,4,199,92,0.0
33,5,389,248,0.0
33,6,271,301,0.0
33,7,394,309,0.0
33,8,336,239,0.0166666666667
33,9,157,154,0.0166666666667
33,10,91,115,0.0
33,11,248,184,0.0
33,12,267,183,0.0
33,13,196,187,0.0
33,14,297,214,0.0
33,15,503,336,0.0
33,16,396,315,0.0
33,17,218,316,0.0
33,18,184,187,0.0
33,19,221,174,0.0
33,20,125,124,0.0
33,21,69,56,0.0
33,22,26,31,0.0
33,23,39,35,0.0
34,0,16,20,0.0
34,1,18,11,0.0
34,2,28,17,0.0
34,3,85,43,0.0
34,4,192,90,0.0
34,5,283,179,0.0
34,6,176,158,0.0
34,7,397,320,0.0
34,8,296,200,0.0
34,9,114,149,0.0
34,10,90,98,0.0
34,11,260,189,0.0
34,12,284,190,0.0
34,13,197,216,0.0
34,14,221,230,0.0
34,15,497,331,0.0
34,16,385,303,0.0
34,17,231,318,0.0
34,18,126,136,0.0
34,19,206,163,0.0
34,20,57,45,0.0
34,21,4,3,0.0
34,22,70,5,0.0
34,23,26,13,0.0
35,0,24,29,0.0
35,1,15,16,0.0
35,2,8,11,0.0
35,3,30,20,0.0
35,4,51,30,0.0
35,5,37,44,0.0
35,6,31,35,0.0
35,7,132,101,0.0
35,8,151,100,0.0
35,9,107,102,0.0
35,10,64,87,0.0
35,11,199,151,0.0
35,12,206,143,0.0
35,13,128,124,0.0
35,14,95,129,0.0
35,15,236,179,0.0
35,16,202,159,0.0
35,17,120,134,0.0
35,18,66,110,0.0
35,19,138,113,0.0
35,20,100,93,0.0
35,21,76,62,0.0
35,22,22,42,0.0
35,23,47,46,0.0
36,0,24,28,0.0
36,1,17,19,0.0
36,2,4,10,0.0
36,3,21,16,0.0
36,4,34,21,0.0
36,5,23,19,0.0
36,6,26,31,0.0
36,7,92,69,0.0
36,8,118,79,0.0
36,9,81,66,0.0
36,10,48,56,0.0
36,11,160,130,0.0
36,12,165,120,0.0
36,13,111,109,0.0
36,14,65,78,0.0
36,15,187,152,0.0
36,16,151,129,0.0
36,17,85,72,0.0
36,18,34,46,0.0
36,19,92,70,0.0
36,20,77,67,0.0
36,21,59,37,0.0
36,22,21,30,0.0
36,23,29,35,0.0
37,0,12,16,0.0
37,1,10,8,0.0
37,2,20,13,0.0
37,3,83,42,0.0
37,4,187,88,0.0
37,5,286,206,0.0
37,6,143,90,0.0
37,7,391,302,0.0
37,8,288,218,0.0
37,9,114,107,0.0
37,10,84,94,0.0
37,11,240,177,0.0
37,12,255,178,0.0
37,13,157,174,0.0
37,14,303,224,0.0
37,15,488,324,0.0
37,16,382,307,0.0
37,17,194,322,0.0
37,18,147,155,0.0
37,19,201,159,0.0
37,20,111,110,0.0
37,21,52,45,0.0
37,22,17,22,0.0
37,23,30,29,0.0
38,0,16,20,0.0
38,1,12,9,0.0
38,2,22,16,0.0
38,3,90,46,0.0
38,4,202,97,0.0
38,5,357,233,0.0333333333333
38,6,264,240,0.0483333333333
38,7,440,337,0.0355555555556
38,8,346,241,0.0322222222222
38,9,126,145,0.035
38,10,68,83,0.0109090909091
38,11,238,180,0.07
38,12,259,178,0.0172727272727
38,13,181,197,0.03
38,14,201,249,0.02
38,15,493,325,0.0
38,16,395,311,0.0
38,17,246,361,0.0333333333333
38,18,141,148,0.0
38,19,209,165,0.0
38,20,120,119,0.0
38,21,70,61,0.0
38,22,18,28,0.0
38,23,30,30,0.0
39,0,14,17,0.0
39,1,13,11,0.0
39,2,29,20,0.0
39,3,89,42,0.0225
39,4,217,98,0.0245454545455
39,5,365,235,0.0
39,6,201,253,0.0
39,7,429,330,0.0
39,8,352,242,0.0
39,9,170,163,0.0
39,10,80,115,0.0
39,11,247,183,0.0
39,12,278,187,0.0
39,13,226,197,0.0
39,14,255,275,0.0
39,15,496,331,0.0
39,16,407,315,0.0
39,17,321,343,0.0
39,18,143,181,0.0
39,19,223,174,0.0
39,20,131,130,0.0
39,21,78,67,0.0
39,22,23,33,0.0
39,23,36,39,0.0
40,0,17,22,0.0
40,1,11,10,0.0
40,2,15,13,0.0
40,3,61,34,0.04
40,4,99,51,0.0386666666667
40,5,154,90,0.02875
40,6,53,59,0.055
40,7,177,134,0.0716666666667
40,8,165,119,0.106666666667
40,9,73,77,0.0966666666667
40,10,48,56,0.0285714285714
40,11,137,107,0.0285714285714
40,12,138,103,0.025
40,13,102,91,0.0366666666667
40,14,100,76,0.04
40,15,240,178,0.0371428571429
40,16,182,158,0.0166666666667
40,17,97,115,0.0
40,18,62,64,0.0
40,19,111,90,0.0
40,20,69,69,0.0
40,21,43,32,0.0
40,22,11,17,0.0
40,23,28,29,0.0
41,0,13,18,0.0
41,1,10,7,0.0
41,2,24,12,0.0
41,3,84,43,0.0
41,4,196,89,0.0
41,5,240,179,0.0
41,6,197,166,0.0
41,7,376,290,0.0
41,8,319,237,0.0
41,9,124,136,0.0
41,10,86,100,0.0
41,11,255,185,0.0
41,12,282,189,0.0
41,13,185,183,0.0
41,14,204,215,0.0
41,15,490,326,0.0
41,16,387,301,0.0
41,17,234,298,0.0
41,18,112,152,0.0
41,19,221,172,0.0
41,20,48,34,0.0
41,21,263,80,0.05
41,22,79,9,0.03
41,23,26,12,0.0
42,0,27,32,0.0
42,1,17,16,0.0
42,2,10,14,0.0
42,3,31,20,0.0
42,4,54,30,0.0
42,5,38,44,0.0
42,6,39,39,0.0
42,7,135,105,0.0
42,8,164,114,0.0
42,9,101,116,0.0
42,10,78,85,0.0
42,11,209,165,0.0
42,12,227,161,0.0
42,13,134,165,0.0
42,14,107,120,0.0
42,15,251,190,0.0
42,16,224,174,0.0
42,17,144,149,0.0
42,18,63,113,0.0
42,19,149,122,0.0
42,20,114,103,0.0
42,21,89,75,0.0
42,22,23,37,0.0
42,23,55,52,0.0
43,0,29,33,0.0
43,1,24,23,0.0
43,2,5,10,0.0
43,3,22,17,0.0166666666667
43,4,35,23,0.004
43,5,26,22,0.0166666666667
43,6,18,30,0.015
43,7,87,67,0.0244444444444
43,8,116,82,0.05
43,9,72,64,0.0346153846154
43,10,32,53,0.0457142857143
43,11,142,119,0.0307692307692
43,12,160,116,0.0318181818182
43,13,91,87,0.0242857142857
43,14,59,71,0.026
43,15,159,130,0.02
43,16,141,116,0.015
43,17,91,67,0.015
43,18,35,54,0.01625
43,19,89,74,0.00714285714286
43,20,67,63,0.0
43,21,43,28,0.0
43,22,13,18,0.0
43,23,23,24,0.0
44,0,12,15,0.0
44,1,12,7,0.01
44,2,24,14,0.0283333333333
44,3,85,44,0.0
44,4,205,96,0.0
44,5,358,192,0.0
44,6,299,259,0.0
44,7,413,331,0.0
44,8,320,229,0.0
44,9,140,130,0.0
44,10,53,64,0.0
44,11,234,174,0.0
44,12,253,177,0.0
44,13,177,176,0.0
44,14,292,197,0.0
44,15,482,326,0.0
44,16,380,300,0.0
44,17,229,337,0.0
44,18,129,165,0.0
44,19,196,161,0.0
44,20,112,106,0.0
44,21,54,50,0.0
44,22,18,19,0.0
44,23,30,29,0.0
45,0,14,18,0.0
45,1,13,9,0.0
45,2,25,11,0.0
45,3,91,44,0.0
45,4,207,99,0.0
45,5,326,222,0.0
45,6,311,246,0.0
45,7,433,334,0.0
45,8,355,245,0.0
45,9,114,165,0.0
45,10,87,95,0.0
45,11,250,187,0.0
45,12,273,184,0.0
45,13,172,200,0.0
45,14,259,274,0.0
45,15,521,345,0.0
45,16,416,329,0.0
45,17,265,294,0.0
45,18,149,176,0.0
45,19,213,172,0.0
45,20,124,120,0.0
45,21,93,73,0.0
45,22,22,30,0.0
45,23,39,36,0.0
46,0,18,23,0.0
46,1,20,15,0.0
46,2,26,16,0.0
46,3,89,43,0.0
46,4,209,98,0.0
46,5,390,243,0.0
46,6,270,284,0.0
46,7,430,329,0.0
46,8,344,240,0.0
46,9,172,147,0.0
46,10,58,78,0.0
46,11,240,183,0.0
46,12,269,184,0.0
46,13,214,222,0.0
46,14,241,209,0.0
46,15,492,335,0.0
46,16,401,314,0.02
46,17,277,315,0.0333333333333
46,18,131,187,0.04375
46,19,215,168,0.0
46,20,125,122,0.0
46,21,69,55,0.0
46,22,22,32,0.0
46,23,33,34,0.0
47,0,15,21,0.0
47,1,12,9,0.0
47,2,26,14,0.0
47,3,91,43,0.0
47,4,223,98,0.0
47,5,323,231,0.0
47,6,352,274,0.0
47,7,415,331,0.0
47,8,338,235,0.0
47,9,146,135,0.0
47,10,83,103,0.0
47,11,248,185,0.0
47,12,260,181,0.0
47,13,184,176,0.0
47,14,265,226,0.0
47,15,492,332,0.0
47,16,387,308,0.0
47,17,272,337,0.0
47,18,163,168,0.0
47,19,221,173,0.0
47,20,126,124,0.0
47,21,67,53,0.0
47,22,20,25,0.0
47,23,35,34,0.0
48,0,16,21,0.0
48,1,14,9,0.0
48,2,23,19,0.0
48,3,84,43,0.0
48,4,184,95,0.0
48,5,307,189,0.0
48,6,44,39,0.0
48,7,370,299,0.0
48,8,285,216,0.0
48,9,132,125,0.0
48,10,88,100,0.0
48,11,264,194,0.0
48,12,295,198,0.0
48,13,143,143,0.0
48,14,250,244,0.0
48,15,483,326,0.0
48,16,370,294,0.0
48,17,210,283,0.0
48,18,149,136,0.0
48,19,217,163,0.0
48,20,42,32,0.0
48,21,237,76,0.0
48,22,65,48,0.0
48,23,25,12,0.0
49,0,26,32,0.0
49,1,19,13,0.0
49,2,11,16,0.0
49,3,30,20,0.0
49,4,53,31,0.0
49,5,35,60,0.0
49,6,43,38,0.0
49,7,123,98,0.0
49,8,154,104,0.0
49,9,111,127,0.0
49,10,86,101,0.0
49,11,196,156,0.0
49,12,211,146,0.0
49,13,158,172,0.0
49,14,104,138,0.0
49,15,241,181,0.0
49,16,214,162,0.0
49,17,146,152,0.0
49,18,74,121,0.0
49,19,146,120,0.0
49,20,112,99,0.0
49,21,77,83,0.0
49,22,30,42,0.0
49,23,53,49,0.0
50,0,28,32,0.0
50,1,19,23,0.0
50,2,8,12,0.0
50,3,21,16,0.0
50,4,35,22,0.0
50,5,26,25,0.0
50,6,24,32,0.0
50,7,93,70,0.0
50,8,142,83,0.0
50,9,93,80,0.0
50,10,81,106,0.0
50,11,174,145,0.0
50,12,192,133,0.0
50,13,135,124,0.0
50,14,93,106,0.0
50,15,206,165,0.0
50,16,178,145,0.0
50,17,139,106,0.0
50,18,51,83,0.0
50,19,117,95,0.0
50,20,84,81,0.0
50,21,68,46,0.0
50,22,15,30,0.0
50,23,31,30,0.0
51,0,16,19,0.0
51,1,10,10,0.0
51,2,9,8,0.0
51,3,41,23,0.0
51,4,77,40,0.0
51,5,99,83,0.0
51,6,32,31,0.0
51,7,158,136,0.0
51,8,171,121,0.0
51,9,118,102,0.0
51,10,72,75,0.0
51,11,185,148,0.0
51,12,207,148,0.0
51,13,148,129,0.0
51,14,132,100,0.0
51,15,272,190,0.0
51,16,229,184,0.0
51,17,143,154,0.0
51,18,72,69,0.0
51,19,130,104,0.0
51,20,90,85,0.0
51,21,49,39,0.0
51,22,13,16,0.0
51,23,26,25,0.0
52,0,13,16,0.0
52,1,13,9,0.0
52,2,28,17,0.0
52,3,80,41,0.0
52,4,166,88,0.0
52,5,322,209,0.0
52,6,284,276,0.0
52,7,378,302,0.0
52,8,324,217,0.0
52,9,129,156,0.0
52,10,80,100,0.0
52,11,238,185,0.0
52,12,245,173,0.0
52,13,201,204,0.0
52,14,239,241,0.0
52,15,461,310,0.0
52,16,368,304,0.0
52,17,324,266,0.0
52,18,150,165,0.0
52,19,206,164,0.0
52,20,117,116,0.0
52,21,78,55,0.0
52,22,19,27,0.0
52,23,32,31,0.0
53,0,13,18,0.0
53,1,13,12,0.0
53,2,23,17,0.0
53,3,83,43,0.0
53,4,159,78,0.0
53,5,131,92,0.0
53,6,122,138,0.0
53,7,383,301,0.0
53,8,245,181,0.0
53,9,146,154,0.0
53,10,73,99,0.0
53,11,235,188,0.0
53,12,245,170,0.0
53,13,223,207,0.0
53,14,276,207,0.0
53,15,460,317,0.0
53,16,375,305,0.0
53,17,300,331,0.0
53,18,188,142,0.0
53,19,211,170,0.0
53,20,124,121,0.0
53,21,70,54,0.0
53,22,24,33,0.0
53,23,34,35,0.0
54,0,15,21,0.0
54,1,12,10,0.0
54,2,28,21,0.0
54,3,82,43,0.0
54,4,165,85,0.0
54,5,109,91,0.0
54,6,147,141,0.0
54,7,380,314,0.0
54,8,315,225,0.0
54,9,169,145,0.00833333333333
54,10,72,77,0.01
54,11,249,192,0.0
54,12,239,173,0.0
54,13,215,198,0.0
54,14,299,227,0.0
54,15,479,317,0.0
54,16,371,298,0.0
54,17,278,350,0.0
54,18,170,158,0.0
54,19,229,179,0.0
54,20,127,124,0.0
54,21,26,17,0.0
54,22,27,26,0.0
54,23,40,40,0.0
55,0,17,23,0.0
55,1,15,11,0.0
55,2,25,19,0.0
55,3,78,43,0.0
55,4,155,88,0.0
55,5,271,220,0.0
55,6,203,178,0.0
55,7,356,281,0.0
55,8,272,211,0.0
55,9,146,137,0.0
55,10,90,107,0.0
55,11,260,197,0.0
55,12,269,191,0.0
55,13,201,216,0.0
55,14,261,258,0.0
55,15,463,315,0.0
55,16,379,285,0.0
55,17,243,282,0.0
55,18,140,170,0.0
55,19,228,175,0.0
55,20,36,22,0.0
55,21,368,174,0.0
55,22,54,34,0.0
55,23,29,18,0.0
56,0,26,35,0.0
56,1,26,18,0.0
56,2,11,16,0.0
56,3,31,20,0.0
56,4,53,31,0.0
56,5,37,55,0.0
56,6,36,48,0.0
56,7,126,102,0.0
56,8,149,103,0.0
56,9,99,122,0.0
56,10,75,101,0.0
56,11,194,154,0.0
56,12,193,141,0.0
56,13,172,162,0.0
56,14,100,122,0.0
56,15,236,179,0.0
56,16,191,158,0.0
56,17,147,137,0.0
56,18,71,78,0.103076923077
56,19,132,110,0.083125
56,20,91,88,0.016
56,21,80,70,0.05
56,22,38,40,0.0
56,23,46,43,0.0
57,0,23,29,0.0
57,1,18,17,0.0
57,2,9,10,0.0
57,3,23,17,0.0
57,4,34,22,0.0
57,5,28,27,0.0
57,6,27,35,0.0
57,7,91,74,0.0
57,8,120,84,0.0
57,9,67,75,0.0
57,10,83,78,0.0
57,11,159,130,0.0
57,12,171,126,0.0
57,13,104,108,0.0
57,14,81,85,0.0
57,15,190,144,0.0
57,16,150,134,0.0
57,17,108,80,0.0
57,18,41,60,0.0
57,19,96,82,0.0
57,20,63,64,0.0
57,21,47,27,0.0
57,22,11,18,0.0
57,23,24,23,0.0
58,0,12,15,0.0
58,1,13,11,0.0
58,2,28,16,0.0
58,3,87,45,0.0
58,4,203,97,0.0
58,5,368,299,0.0
58,6,112,130,0.0
58,7,424,334,0.0
58,8,318,231,0.0
58,9,132,160,0.0
58,10,76,88,0.0
58,11,237,175,0.0
58,12,251,172,0.0
58,13,187,211,0.0
58,14,302,199,0.0
58,15,488,327,0.0
58,16,387,301,0.0
58,17,240,309,0.0
58,18,153,162,0.0
58,19,199,161,0.0
58,20,114,108,0.0
58,21,56,48,0.0
58,22,17,22,0.0
58,23,30,30,0.0
59,0,14,18,0.0
59,1,11,10,0.0
59,2,31,19,0.0
59,3,89,45,0.0
59,4,201,103,0.0
59,5,312,226,0.0
59,6,147,178,0.0
59,7,432,336,0.0
59,8,332,240,0.0
59,9,118,136,0.0
59,10,80,115,0.0
59,11,244,180,0.0
59,12,267,182,0.0
59,13,216,186,0.0
59,14,254,276,0.0
59,15,504,335,0.0
59,16,395,317,0.0
59,17,338,279,0.0
59,18,152,168,0.0
59,19,212,167,0.0
59,20,122,115,0.0
59,21,85,60,0.0
59,22,21,28,0.0
59,23,32,32,0.0
60,0,15,18,0.0
60,1,14,11,0.0
60,2,26,18,0.0125
60,3,91,49,0.03125
60,4,208,101,0.0
60,5,366,274,0.0
60,6,231,357,0.0
60,7,423,343,0.0
60,8,340,238,0.0
60,9,162,140,0.0
60,10,64,92,0.01
60,11,237,180,0.0590909090909
60,12,262,175,0.0283333333333
60,13,226,196,0.0
60,14,292,207,0.0
60,15,483,327,0.0333333333333
60,16,387,315,0.03
60,17,299,287,0.0
60,18,187,153,0.0
60,19,212,167,0.0
60,20,124,119,0.0
60,21,65,50,0.0
60,22,27,29,0.0
60,23,34,34,0.0
61,0,16,19,0.0
61,1,12,9,0.0
61,2,29,21,0.0
61,3,88,47,0.0
61,4,205,105,0.0
61,5,388,266,0.0
61,6,330,335,0.0
61,7,422,343,0.0
61,8,332,246,0.0
61,9,151,129,0.0
61,10,89,105,0.0
61,11,249,185,0.0
61,12,263,184,0.0
61,13,204,196,0.0
61,14,293,242,0.0
61,15,513,327,0.0
61,16,401,310,0.0
61,17,275,343,0.0
61,18,159,148,0.0
61,19,232,179,0.0
61,20,127,128,0.0
61,21,79,60,0.0
61,22,23,24,0.0
61,23,37,37,0.0
62,0,18,20,0.0
62,1,13,12,0.0
62,2,28,21,0.0
62,3,87,45,0.0
62,4,190,103,0.0
62,5,278,239,0.0
62,6,86,75,0.0
62,7,403,315,0.0
62,8,325,231,0.0
62,9,121,144,0.0
62,10,87,99,0.0
62,11,260,190,0.0
62,12,288,194,0.0
62,13,217,206,0.0
62,14,261,257,0.0
62,15,489,325,0.0
62,16,396,300,0.0
62,17,244,272,0.0
62,18,132,152,0.0
62,19,215,159,0.0
62,20,33,20,0.0
62,21,262,104,0.0
62,22,54,44,0.0
62,23,29,18,0.0
63,0,24,28,0.0
63,1,17,12,0.0
63,2,9,12,0.0
63,3,29,19,0.0
63,4,50,28,0.0
63,5,36,47,0.0
63,6,38,48,0.0
63,7,128,105,0.0
63,8,152,105,0.0
63,9,95,103,0.0
63,10,75,90,0.0
63,11,201,167,0.0
63,12,201,141,0.0
63,13,108,93,0.0
63,14,94,103,0.0
63,15,239,178,0.0
63,16,193,151,0.0
63,17,152,128,0.0
63,18,53,69,0.0
63,19,136,114,0.0
63,20,94,86,0.0
63,21,79,60,0.0
63,22,17,20,0.0
63,23,46,44,0.0
64,0,22,27,0.0
64,1,16,15,0.0
64,2,6,6,0.0
64,3,19,15,0.0
64,4,33,20,0.0
64,5,30,22,0.0
64,6,19,27,0.0
64,7,91,71,0.0
64,8,116,78,0.0
64,9,71,59,0.0
64,10,64,67,0.0
64,11,160,133,0.0
64,12,165,118,0.0
64,13,101,77,0.0
64,14,38,39,0.0
64,15,185,144,0.0
64,16,142,122,0.0
64,17,126,69,0.0
64,18,42,48,0.0
64,19,99,83,0.0
64,20,66,64,0.0
64,21,43,24,0.0
64,22,11,14,0.0
64,23,24,24,0.0
65,0,11,14,0.0
65,1,11,6,0.0
65,2,32,15,0.0
65,3,85,44,0.0
65,4,203,100,0.0
65,5,348,284,0.0
65,6,297,269,0.0
65,7,417,327,0.0
65,8,323,238,0.0
65,9,118,193,0.0
65,10,76,75,0.0
65,11,236,171,0.0
65,12,258,175,0.0
65,13,180,215,0.0
65,14,338,243,0.0
65,15,499,322,0.0
65,16,395,304,0.0
65,17,255,319,0.0
65,18,136,129,0.0
65,19,198,159,0.0
65,20,113,108,0.0
65,21,54,48,0.0
65,22,13,19,0.01
65,23,30,30,0.0
66,0,14,16,0.0
66,1,12,9,0.0
66,2,25,17,0.0
66,3,90,44,0.0
66,4,209,104,0.02
66,5,321,272,0.0333333333333
66,6,255,349,0.0166666666667
66,7,438,333,0.02
66,8,347,245,0.0333333333333
66,9,127,137,0.03
66,10,68,112,0.03
66,11,246,179,0.0233333333333
66,12,266,177,0.0333333333333
66,13,207,179,0.0183333333333
66,14,273,273,0.0166666666667
66,15,500,329,0.0333333333333
66,16,402,321,0.01
66,17,330,262,0.0
66,18,165,161,0.0
66,19,219,170,0.02
66,20,124,119,0.0333333333333
66,21,64,39,0.0
66,22,23,22,0.0
66,23,30,34,0.0166666666667
67,0,15,17,0.0333333333333
67,1,12,10,0.012
67,2,27,20,0.0166666666667
67,3,88,47,0.0
67,4,218,100,0.0183333333333
67,5,383,279,0.016
67,6,225,288,0.02
67,7,418,344,0.0
67,8,349,239,0.0333333333333
67,9,168,155,0.0
67,10,71,91,0.0
67,11,253,191,0.0
67,12,271,185,0.0
67,13,231,187,0.0
67,14,301,192,0.0
67,15,498,334,0.0
67,16,392,304,0.0
67,17,322,311,0.0
67,18,196,140,0.0
67,19,224,171,0.0
67,20,128,126,0.0
67,21,71,49,0.0
67,22,28,25,0.0
67,23,35,35,0.0
68,0,16,19,0.0
68,1,12,8,0.0
68,2,31,21,0.0
68,3,90,45,0.0
68,4,206,109,0.0
68,5,342,263,0.0
68,6,337,312,0.0
68,7,426,332,0.0
68,8,334,246,0.0
68,9,152,133,0.0
68,10,101,110,0.0
68,11,255,190,0.0
68,12,266,188,0.0
68,13,201,203,0.0
68,14,297,234,0.0
68,15,515,334,0.0
68,16,404,308,0.0
68,17,251,433,0.0
68,18,160,139,0.0
68,19,234,175,0.0
68,20,130,123,0.0
68,21,85,85,0.0
68,22,24,24,0.0
68,23,41,39,0.0
69,0,17,21,0.0
69,1,15,14,0.0
69,2,27,19,0.0
69,3,83,44,0.0
69,4,185,94,0.0
69,5,262,265,0.0
69,6,283,233,0.0333333333333
69,7,370,292,0.0310526315789
69,8,295,216,0.04
69,9,111,136,0.0371428571429
69,10,82,96,0.0228571428571
69,11,245,176,0.026
69,12,264,180,0.02
69,13,213,173,0.0229411764706
69,14,237,289,0.0357142857143
69,15,432,291,0.0
69,16,380,288,0.0
69,17,228,219,0.0
69,18,137,158,0.0
69,19,199,151,0.0
69,20,52,22,0.0
69,21,37,46,0.0166666666667
69,22,227,88,0.0
69,23,33,16,0.0
70,0,22,27,0.0
70,1,14,12,0.0
70,2,10,11,0.0
70,3,31,20,0.0
70,4,49,28,0.0
70,5,35,39,0.0
70,6,34,46,0.0
70,7,136,108,0.0
70,8,149,101,0.0
70,9,54,59,0.0
70,10,65,71,0.0
70,11,203,160,0.0
70,12,200,145,0.0166666666667
70,13,151,115,0.0
70,14,78,86,0.0
70,15,235,180,0.0
70,16,188,148,0.0
70,17,144,117,0.0
70,18,50,59,0.0
70,19,139,114,0.0
70,20,94,86,0.0
70,21,81,58,0.0
70,22,19,21,0.0
70,23,47,45,0.0
71,0,24,27,0.0
71,1,21,14,0.0
71,3,8,8,0.0
71,4,31,22,0.0
71,5,46,29,0.0
71,6,41,28,0.0
71,7,22,35,0.0
71,8,103,79,0.0
71,9,123,85,0.0
71,10,73,68,0.0
71,11,70,68,0.0
71,12,176,136,0.0
71,13,166,125,0.0
71,14,98,81,0.0
71,15,74,76,0.0
71,16,173,138,0.0
71,17,130,111,0.0
71,18,86,59,0.0
71,19,37,40,0.0
71,20,86,72,0.0
71,21,50,51,0.0
71,22,31,24,0.0
71,23,6,7,0.0
72,0,14,15,0.0
72,1,11,9,0.0
72,2,32,22,0.0
72,3,85,48,0.0
72,4,192,108,0.0
72,5,324,174,0.0
72,6,386,363,0.0
72,7,259,234,0.0
72,8,359,304,0.0
72,9,236,185,0.0
72,10,79,97,0.0
72,11,91,71,0.0
72,12,296,202,0.0
72,13,312,208,0.0
72,14,204,213,0.0
72,15,298,206,0.0
72,16,490,335,0.0
72,17,355,281,0.0
72,18,182,182,0.0
72,19,91,100,0.0
72,20,154,120,0.0
72,21,84,86,0.0
72,22,37,28,0.01
72,23,11,16,0.025
73,0,17,20,0.0355555555556
73,1,9,12,0.0284615384615
73,2,7,7,0.04
73,3,14,12,0.085
73,4,29,20,0.0471428571429
73,5,43,27,0.0516666666667
73,6,33,32,0.08
73,7,25,39,0.0983333333333
73,8,53,45,0.173333333333
73,9,41,33,0.1075
73,10,21,24,0.0890909090909
73,11,16,21,0.103333333333
73,12,55,45,0.075
73,13,55,45,0.018
73,14,48,41,0.04
73,15,38,36,0.0427272727273
73,16,83,71,0.01875
73,17,62,57,0.04
73,18,48,33,0.0
73,19,17,19,0.0
73,20,47,38,0.0
73,21,28,32,0.0
73,22,24,13,0.0
73,23,4,5,0.0
74,0,8,9,0.0
74,1,9,7,0.0
74,2,23,17,0.0
74,3,55,38,0.0
74,4,182,98,0.0
74,5,328,155,0.0
74,6,379,268,0.0
74,7,104,158,0.0
74,8,347,309,0.0
74,9,238,190,0.0
74,10,96,106,0.01
74,11,67,66,0.0166666666667
74,12,271,192,0.0375
74,13,299,200,0.02
74,14,255,289,0.0166666666667
74,15,321,193,0.0166666666667
74,16,472,315,0.0
74,17,345,289,0.0166666666667
74,18,174,216,0.0166666666667
74,19,113,83,0.0
74,20,155,118,0.0
74,21,82,86,0.0
74,22,37,25,0.0
74,23,14,19,0.0
75,0,18,20,0.0
75,1,16,13,0.0
75,2,32,18,0.0
75,3,86,66,0.0
75,4,202,109,0.0
75,5,345,192,0.0
75,6,394,270,0.0
75,7,285,350,0.0
75,8,374,317,0.0
75,9,254,202,0.0
75,10,134,110,0.0
75,11,88,108,0.0
75,12,311,213,0.0
75,13,323,219,0.0
75,14,265,305,0.0
75,15,328,295,0.0
75,16,527,349,0.0
75,17,373,297,0.0
75,18,193,281,0.0
75,19,107,77,0.0
75,20,187,141,0.0
75,21,98,98,0.0
75,22,51,47,0.0
75,23,13,13,0.0
76,0,24,24,0.0
76,1,14,15,0.0
76,2,33,27,0.0
76,3,77,45,0.0
76,4,199,112,0.0
76,5,315,178,0.0
76,6,296,306,0.0
76,7,267,266,0.0
76,8,371,300,0.0
76,9,259,192,0.0
76,10,122,111,0.0
76,11,106,107,0.0
76,12,333,229,0.0
76,13,359,237,0.0
76,14,317,256,0.0
76,15,296,332,0.0
76,16,494,330,0.0
76,17,363,297,0.0
76,18,193,171,0.0
76,19,110,126,0.0
76,20,30,17,0.0
76,21,49,25,0.0
76,22,98,119,0.0
76,23,205,91,0.0
77,0,36,36,0.0
77,1,20,24,0.0
77,2,15,13,0.0
77,3,14,17,0.0
77,4,53,33,0.0
77,5,80,51,0.0
77,6,47,60,0.0166666666667
77,7,42,51,0.01
77,8,152,121,0.0
77,9,165,120,0.0
77,10,117,103,0.0
77,11,74,65,0.0428571428571
77,12,220,171,0.0166666666667
77,13,217,161,0.0
77,14,145,139,0.0183333333333
77,15,87,73,0.02
77,16,219,173,0.016
77,17,179,148,0.02625
77,18,117,118,0.0133333333333
77,19,41,47,0.00625
77,20,117,97,0.0
77,21,83,79,0.0
77,22,62,65,0.0
77,23,19,20,0.0
78,0,30,29,0.0
78,1,17,21,0.0
78,2,14,16,0.0
78,3,9,11,0.0
78,4,36,23,0.0
78,5,58,36,0.0
78,6,49,46,0.0
78,7,66,42,0.0
78,8,127,96,0.0
78,9,151,111,0.0
78,10,95,94,0.0
78,11,93,78,0.0
78,12,188,145,0.0
78,13,183,141,0.0
78,14,114,98,0.0
78,15,82,95,0.0
78,16,184,142,0.0
78,17,149,130,0.0
78,18,90,71,0.0
78,19,37,56,0.0
78,20,90,73,0.0
78,21,59,59,0.0
78,22,33,31,0.0
78,23,6,12,0.0
79,0,14,15,0.0
79,1,12,11,0.0
79,2,32,29,0.0
79,3,75,50,0.0
79,4,201,109,0.0
79,5,331,177,0.0
79,6,350,379,0.0
79,7,295,289,0.0
79,8,353,301,0.0
79,9,235,189,0.0
79,10,98,112,0.0
79,11,85,83,0.0
79,12,288,194,0.0
79,13,309,207,0.0
79,14,263,330,0.0
79,15,304,216,0.0
79,16,479,333,0.0
79,17,344,281,0.0
79,18,190,174,0.0
79,19,88,111,0.0
79,20,145,113,0.0
79,21,79,82,0.0
79,22,35,24,0.0
79,23,10,20,0.0
80,0,18,19,0.0
80,1,13,12,0.0
80,2,28,20,0.0
80,3,81,69,0.0
80,4,206,111,0.0
80,5,348,187,0.0
80,6,354,291,0.0
80,7,232,365,0.0
80,8,359,303,0.0
80,9,249,194,0.0
80,10,98,104,0.0
80,11,98,108,0.0
80,12,289,200,0.0
80,13,321,214,0.0
80,14,295,250,0.0
80,15,359,297,0.0
80,16,477,336,0.0
80,17,356,303,0.0
80,18,235,207,0.0
80,19,109,75,0.0
80,20,165,131,0.0
80,21,87,91,0.0
80,22,48,39,0.0
80,23,11,10,0.0
81,0,20,21,0.0
81,1,13,13,0.0
81,2,32,24,0.0
81,3,70,59,0.0
81,4,204,115,0.0
81,5,348,186,0.0
81,6,425,353,0.0
81,7,185,293,0.0
81,8,355,309,0.0
81,9,246,194,0.0
81,10,124,125,0.0
81,11,83,83,0.0
81,12,289,199,0.0
81,13,315,212,0.0
81,14,284,294,0.0
81,15,391,280,0.0
81,16,480,320,0.0
81,17,343,301,0.0
81,18,192,215,0.0
81,19,114,119,0.0
81,20,155,118,0.0
81,21,81,85,0.0
81,22,47,32,0.0
81,23,13,14,0.0
82,0,17,19,0.0
82,1,12,12,0.0
82,2,37,21,0.0
82,3,97,70,0.0
82,4,193,107,0.0
82,5,328,189,0.0
82,6,411,279,0.0
82,7,192,225,0.0
82,8,361,305,0.0
82,9,241,189,0.0
82,10,118,125,0.0
82,11,94,99,0.0
82,12,282,193,0.0
82,13,317,214,0.0
82,14,234,295,0.0
82,15,338,256,0.0
82,16,490,338,0.0
82,17,352,285,0.0
82,18,193,224,0.0
82,19,89,105,0.0
82,20,176,130,0.0
82,21,92,93,0.0
82,22,52,42,0.0
82,23,13,14,0.0
83,0,23,23,0.0
83,1,18,15,0.0
83,2,28,23,0.0
83,3,71,50,0.0
83,4,188,104,0.0
83,5,305,169,0.0
83,6,198,192,0.0
83,7,218,339,0.0
83,8,358,293,0.0
83,9,261,202,0.0
83,10,119,159,0.0
83,11,104,159,0.0333333333333
83,12,313,222,0.05
83,13,331,226,0.01
83,14,294,330,0.0
83,15,289,405,0.0
83,16,442,318,0.0
83,17,338,274,0.0
83,18,189,222,0.0
83,19,135,150,0.0
83,20,25,14,0.0
83,21,43,20,0.0
83,22,44,55,0.0
83,23,184,67,0.0
84,0,33,33,0.0
84,1,18,23,0.0
84,2,14,17,0.0
84,3,12,12,0.0
84,4,50,38,0.0
84,5,80,52,0.0
84,6,59,69,0.0
84,7,39,49,0.0
84,8,151,123,0.0
84,9,173,121,0.0
84,10,141,123,0.0
84,11,68,84,0.0
84,12,221,170,0.0166666666667
84,13,225,168,0.002
84,14,180,152,0.0333333333333
84,15,99,103,0.0333333333333
84,16,224,180,0.00833333333333
84,17,190,155,0.0166666666667
84,18,144,147,0.02
84,19,51,59,0.0
84,20,127,102,0.0
84,21,89,88,0.0
84,22,65,64,0.0
84,23,28,29,0.0
85,0,31,31,0.0
85,1,18,21,0.005
85,2,14,15,0.04
85,3,7,8,0.0283333333333
85,4,31,22,0.0225
85,5,52,34,0.0
85,6,40,31,0.0
85,7,39,44,0.0
85,8,111,89,0.0
85,9,137,100,0.0
85,10,87,82,0.0
85,11,69,60,0.0
85,12,177,140,0.025
85,13,173,134,0.0
85,14,112,90,0.0
85,15,72,84,0.0
85,16,165,133,0.0
85,17,135,119,0.0
85,18,82,76,0.0
85,19,33,46,0.0227272727273
85,20,81,68,0.0266666666667
85,21,52,53,0.0333333333333
85,22,26,26,0.00375
85,23,6,9,0.0177777777778
86,0,13,14,0.01
86,1,11,10,0.0166666666667
86,2,29,25,0.0333333333333
86,3,77,47,0.025
86,4,200,105,0.02625
86,5,308,166,0.035
86,6,334,295,0.035
86,7,144,132,0.0157142857143
86,8,274,233,0.07
86,9,227,185,0.0372727272727
86,10,90,101,0.0155555555556
86,11,86,73,0.0125
86,12,279,189,0.0
86,13,296,202,0.0
86,14,283,245,0.0125
86,15,268,297,0.0333333333333
86,16,464,316,0.0
86,17,329,279,0.0
86,18,200,149,0.0
86,19,71,113,0.0
86,20,142,112,0.0
86,21,77,80,0.0
86,22,35,20,0.0
86,23,11,16,0.0
87,0,17,18,0.0233333333333
87,1,13,12,0.0133333333333
87,2,26,19,0.0
87,3,96,92,0.068
87,4,205,107,0.0693333333333
87,5,341,188,0.0142857142857
87,6,323,326,0.0
87,7,163,179,0.0
87,8,355,301,0.0
87,9,251,198,0.0525
87,10,96,100,0.0607692307692
87,11,91,89,0.032
87,12,283,199,0.0485714285714
87,13,308,209,0.04625
87,14,284,269,0.05
87,15,351,246,0.0
87,16,467,332,0.0
87,17,339,287,0.029
87,18,212,220,0.0988888888889
87,19,85,68,0.059
87,20,147,114,0.03
87,21,78,80,0.0166666666667
87,22,45,32,0.0136363636364
87,23,10,11,0.00625
88,0,17,19,0.0
88,1,13,11,0.0
88,2,32,25,0.0
88,3,73,63,0.0
88,4,204,111,0.0
88,5,344,184,0.0
88,6,401,373,0.0
88,7,160,183,0.0
88,8,355,306,0.0
88,9,250,196,0.0
88,10,123,121,0.0
88,11,92,97,0.0
88,12,298,205,0.0166666666667
88,13,317,215,0.0
88,14,313,298,0.0
88,15,365,290,0.0
88,16,489,329,0.0
88,17,354,300,0.0
88,18,197,233,0.0
88,19,128,127,0.0
88,20,168,129,0.0
88,21,89,91,0.0
88,22,48,33,0.0
88,23,14,20,0.0
89,0,19,21,0.0
89,1,14,12,0.0
89,2,38,21,0.0
89,3,101,80,0.0
89,4,204,112,0.0
89,5,331,179,0.0
89,6,400,335,0.0
89,7,252,302,0.0
89,8,322,280,0.0
89,9,244,192,0.0
89,10,108,127,0.0
89,11,104,96,0.0
89,12,302,208,0.0
89,13,318,211,0.0
89,14,272,332,0.0
89,15,320,278,0.0
89,16,495,344,0.0
89,17,358,286,0.0
89,18,177,211,0.0366666666667
89,19,99,96,0.0
89,20,172,133,0.0
89,21,92,93,0.0333333333333
89,22,51,36,0.0
89,23,12,16,0.0183333333333
90,0,21,22,0.0366666666667
90,1,14,14,0.068
90,2,28,21,0.116666666667
90,3,66,58,0.05
90,4,192,107,0.02125
90,5,309,160,0.01
90,6,259,229,0.0116666666667
90,7,228,310,0.0188888888889
90,8,321,270,0.0225
90,9,242,188,0.03
90,10,101,100,0.0422222222222
90,11,87,107,0.0428571428571
90,12,300,207,0.0766666666667
90,13,319,217,0.0442857142857
90,14,315,246,0.084
90,15,245,267,0.0683333333333
90,16,436,303,0.0509090909091
90,17,315,266,0.13875
90,18,189,178,0.14
90,19,69,45,0.111111111111
90,20,41,23,0.12125
90,21,44,25,0.06
90,22,116,55,0.0228571428571
90,23,237,117,0.0183333333333
91,0,27,27,0.0375
91,1,14,16,0.025
91,2,13,16,0.0214285714286
91,3,12,14,0.022
91,4,53,33,0.0228571428571
91,5,71,46,0.0333333333333
91,6,57,62,0.0
91,7,40,58,0.0
91,8,157,129,0.0
91,9,159,112,0.0
91,10,125,116,0.0
91,11,75,93,0.0
91,12,224,177,0.0
91,13,206,142,0.0
91,14,169,153,0.0
91,15,106,111,0.02
91,16,229,184,0.01
91,17,181,134,0.0
91,18,136,131,0.0
91,19,63,78,0.0
91,20,135,108,0.0
91,21,87,79,0.0
91,22,67,60,0.0
91,23,27,36,0.0
92,0,34,33,0.0
92,1,18,18,0.0
92,2,17,11,0.0
92,3,9,14,0.0
92,4,36,24,0.0
92,5,48,32,0.0
92,6,39,32,0.0
92,7,58,58,0.0
92,8,127,99,0.0
92,9,134,97,0.0
92,10,91,84,0.0
92,11,100,106,0.0
92,12,195,154,0.0
92,13,180,130,0.0
92,14,124,112,0.0
92,15,99,124,0.0
92,16,194,156,0.0
92,17,149,113,0.0
92,18,100,91,0.0
92,19,40,63,0.0
92,20,96,83,0.0
92,21,57,52,0.0
92,22,31,27,0.0
92,23,11,10,0.0
93,0,17,17,0.0
93,1,11,9,0.0
93,2,31,25,0.0
93,3,67,53,0.0
93,4,216,115,0.0
93,5,330,185,0.0
93,6,385,399,0.0
93,7,259,304,0.0
93,8,312,269,0.0
93,9,235,206,0.0
93,10,109,149,0.0
93,11,94,116,0.0
93,12,293,205,0.0
93,13,316,214,0.0
93,14,300,349,0.0
93,15,310,371,0.0
93,16,461,329,0.0
93,17,342,301,0.0
93,18,199,216,0.0
93,19,81,127,0.0
93,20,144,112,0.0
93,21,78,82,0.0
93,22,37,31,0.008
93,23,11,16,0.0075
94,0,16,17,0.103333333333
94,1,12,12,0.206363636364
94,2,22,22,0.352222222222
94,3,73,63,0.12
94,4,200,110,0.00714285714286
94,5,329,185,0.037
94,6,295,325,0.0175
94,7,150,230,0.0285714285714
94,8,351,313,0.0375
94,9,237,202,0.0314285714286
94,10,117,105,0.0142857142857
94,11,93,100,0.025
94,12,288,203,0.03
94,13,323,224,0.0
94,14,347,290,0.0175
94,15,343,298,0.0242857142857
94,16,465,335,0.0
94,17,336,288,0.0
94,18,227,293,0.0
94,19,115,87,0.0
94,20,152,120,0.0
94,21,82,84,0.025
94,22,48,45,0.0125
94,23,9,10,0.0
95,0,17,18,0.0
95,1,13,12,0.0
95,2,40,31,0.0
95,3,64,67,0.0
95,4,207,115,0.0
95,5,337,190,0.005
95,6,250,281,0.0125
95,7,191,248,0.00625
95,8,361,308,0.0
95,9,252,208,0.0
95,10,116,135,0.0
95,11,110,106,0.0
95,12,305,216,0.0
95,13,311,229,0.0
95,14,323,284,0.0
95,15,365,381,0.0
95,16,502,337,0.0
95,17,349,306,0.0
95,18,204,227,0.0
95,19,120,173,0.0
95,20,167,128,0.0
95,21,90,92,0.0
95,22,46,37,0.0
95,23,14,22,0.0
96,0,18,20,0.0
96,1,15,15,0.0
96,2,28,23,0.0
96,3,88,77,0.0366666666667
96,4,200,110,0.0357142857143
96,5,328,181,0.016
96,6,354,354,0.032
96,7,201,280,0.012
96,8,366,309,0.02
96,9,235,197,0.0233333333333
96,10,171,228,0.02125
96,11,100,89,0.0216666666667
96,12,288,202,0.02125
96,13,302,204,0.0341666666667
96,14,224,365,0.043
96,15,318,287,0.141764705882
96,16,464,329,0.0864285714286
96,17,332,274,0.0166666666667
96,18,192,233,0.0
96,19,90,118,0.0
96,20,163,127,0.0
96,21,89,91,0.0
96,22,51,37,0.0
96,23,14,18,0.0
97,0,20,21,0.0
97,1,15,14,0.0
97,2,27,24,0.0
97,3,77,65,0.0
97,4,203,109,0.0
97,5,325,170,0.0
97,6,197,227,0.0
97,7,223,277,0.0
97,8,340,282,0.0
97,9,230,191,0.0166666666667
97,10,122,110,0.0142857142857
97,11,92,119,0.025
97,12,317,218,0.0166666666667
97,13,340,234,0.02
97,14,333,248,0.05
97,15,281,280,0.0333333333333
97,16,465,326,0.0
97,17,336,284,0.0
97,18,204,186,0.0166666666667
97,19,87,62,0.0
97,20,29,12,0.0
97,21,40,21,0.0
97,22,73,31,0.0
97,23,264,139,0.0
98,0,30,31,0.0
98,1,17,22,0.0
98,2,14,17,0.0
98,3,12,14,0.0
98,4,53,34,0.0
98,5,85,56,0.0
98,6,67,61,0.0
98,7,71,143,0.0
98,8,157,126,0.0
98,9,178,131,0.0
98,10,136,130,0.0
98,11,84,98,0.0
98,12,221,170,0.0
98,13,230,178,0.0
98,14,161,171,0.0
98,15,105,111,0.0
98,16,234,184,0.0
98,17,205,179,0.0
98,18,153,156,0.0
98,19,70,77,0.0
98,20,131,109,0.0
98,21,93,102,0.0
98,22,72,73,0.0
98,23,23,28,0.0
99,0,31,31,0.0
99,1,18,22,0.0
99,2,17,11,0.0
99,3,10,13,0.0
99,4,35,24,0.0
99,5,58,38,0.0
99,6,44,37,0.0
99,7,49,47,0.0
99,8,127,100,0.0
99,9,155,112,0.0
99,10,101,97,0.0
99,11,87,100,0.0
99,12,188,149,0.0
99,13,199,155,0.0
99,14,122,116,0.0
99,15,95,121,0.0
99,16,192,150,0.0
99,17,161,149,0.0
99,18,96,103,0.0
99,19,53,58,0.0
99,20,92,82,0.0
99,21,61,67,0.0
99,22,32,28,0.0
99,23,8,10,0.0
100,0,15,16,0.0
100,1,12,11,0.0
100,2,32,26,0.0
100,3,64,54,0.0
100,4,174,100,0.0
100,5,278,157,0.0
100,6,331,276,0.0
100,7,229,281,0.0
100,8,315,274,0.0
100,9,217,170,0.0
100,10,106,115,0.0
100,11,95,103,0.0
100,12,282,205,0.0
100,13,292,199,0.0
100,14,273,234,0.0
100,15,261,309,0.0
100,16,446,316,0.0
100,17,314,271,0.0
100,18,189,155,0.0
100,19,68,99,0.0
100,20,143,113,0.0
100,21,81,81,0.0
100,22,46,33,0.0
100,23,9,15,0.0
101,0,18,19,0.0
101,1,13,13,0.0
101,2,31,25,0.0
101,3,127,90,0.0
101,4,170,98,0.0
101,5,265,147,0.0
101,6,342,258,0.0
101,7,167,194,0.0
101,8,329,285,0.0
101,9,244,192,0.0
101,10,123,105,0.0
101,11,89,104,0.0
101,12,277,207,0.0
101,13,297,211,0.0
101,14,355,316,0.0
101,15,328,211,0.0
101,16,441,323,0.0
101,17,322,272,0.0
101,18,224,258,0.0
101,19,116,97,0.0
101,20,157,128,0.0
101,21,88,91,0.0
101,22,48,39,0.0
101,23,18,22,0.0
102,0,19,21,0.0
102,1,14,14,0.0
102,2,35,27,0.0
102,3,77,50,0.0
102,4,169,100,0.0
102,5,276,159,0.0
102,6,366,325,0.0
102,7,227,228,0.0
102,8,334,288,0.0
102,9,242,190,0.0
102,10,124,125,0.004
102,11,89,86,0.0233333333333
102,12,254,188,0.0366666666667
102,13,262,193,0.0
102,14,202,171,0.0
102,15,241,200,0.0
102,16,430,292,0.0
102,17,296,260,0.0
102,18,128,128,0.0
102,19,65,91,0.0
102,20,156,121,0.0
102,21,84,85,0.0
102,22,34,25,0.0
102,23,9,10,0.0
103,0,19,21,0.0
103,1,13,13,0.0
103,2,32,23,0.0
103,3,85,64,0.0
103,4,171,98,0.0
103,5,271,161,0.0
103,6,355,309,0.0
103,7,202,269,0.0
103,8,294,258,0.0
103,9,248,184,0.0
103,10,190,148,0.0
103,11,96,113,0.0
103,12,283,207,0.0
103,13,304,205,0.0
103,14,245,336,0.0
103,15,298,225,0.0
103,16,470,334,0.0
103,18,193,211,0.0
103,19,96,118,0.0
103,20,174,138,0.0
103,21,95,99,0.0
103,22,68,42,0.0
103,23,17,24,0.0
