,STATION,Stop Name,GTFS Latitude,GTFS Longitude
0,1 AVE,1 Av,40.730953,-73.981628
1,1 AV,1 Av,40.730953,-73.981628
2,103 ST,103 St,40.796092,-73.961454
3,103 ST,103 St,40.799446,-73.968379
4,103 ST,103 St,40.7906,-73.947478
5,103 ST,103 St,40.796092,-73.961454
6,103 ST,103 St,40.799446,-73.968379
7,103 ST,103 St,40.7906,-73.947478
8,103 ST,103 St,40.796092,-73.961454
9,103 ST,103 St,40.799446,-73.968379
10,103 ST,103 St,40.7906,-73.947478
11,103 ST-CORONA,103 St - Corona Plaza,40.749865,-73.8627
12,104 ST,104 St,40.695178,-73.84433
13,104 ST,104 St,40.681711,-73.837683
14,104 ST,104 St,40.695178,-73.84433
15,104 ST,104 St,40.681711,-73.837683
16,110 ST,110 St,40.79502,-73.94425
17,110 ST-CATHEDRL,110 St,40.79502,-73.94425
18,110 ST-CPN,110 St,40.79502,-73.94425
19,GREENWOOD-111,111 St,40.697418,-73.836345
20,GREENWOOD-111,111 St,40.684331,-73.832163
21,GREENWOOD-111,111 St,40.75173,-73.855334
22,111 ST,111 St,40.697418,-73.836345
23,111 ST,111 St,40.684331,-73.832163
24,111 ST,111 St,40.75173,-73.855334
25,111 ST,111 St,40.697418,-73.836345
26,111 ST,111 St,40.684331,-73.832163
27,111 ST,111 St,40.75173,-73.855334
28,111 ST,111 St,40.697418,-73.836345
29,111 ST,111 St,40.684331,-73.832163
30,111 ST,111 St,40.75173,-73.855334
31,116 ST,116 St,40.805085,-73.954882
32,116 ST,116 St,40.798629,-73.941617
33,116 ST,116 St,40.802098,-73.949625
34,116 ST,116 St,40.805085,-73.954882
35,116 ST,116 St,40.798629,-73.941617
36,116 ST,116 St,40.802098,-73.949625
37,116 ST,116 St,40.805085,-73.954882
38,116 ST,116 St,40.798629,-73.941617
39,116 ST,116 St,40.802098,-73.949625
40,116 ST-COLUMBIA,116 St - Columbia University,40.807722,-73.96411
41,121 ST,121 St,40.700492,-73.828294
42,125 ST,125 St,40.811109,-73.952343
43,125 ST,125 St,40.815581,-73.958372
44,125 ST,125 St,40.804138,-73.937594
45,125 ST,125 St,40.807754,-73.945495
46,125 ST,125 St,40.811109,-73.952343
47,125 ST,125 St,40.815581,-73.958372
48,125 ST,125 St,40.804138,-73.937594
49,125 ST,125 St,40.807754,-73.945495
50,125 ST,125 St,40.811109,-73.952343
51,125 ST,125 St,40.815581,-73.958372
52,125 ST,125 St,40.804138,-73.937594
53,125 ST,125 St,40.807754,-73.945495
54,125 ST,125 St,40.811109,-73.952343
55,125 ST,125 St,40.815581,-73.958372
56,125 ST,125 St,40.804138,-73.937594
57,125 ST,125 St,40.807754,-73.945495
58,135 ST,135 St,40.817894,-73.947649
59,135 ST,135 St,40.814229,-73.94077
60,135 ST,135 St,40.817894,-73.947649
61,135 ST,135 St,40.814229,-73.94077
62,137 ST CITY COL,137 St - City College,40.822008,-73.953676
63,137 ST-CITY COL,137 St - City College,40.822008,-73.953676
64,138 ST-GR CONC,138 St - Grand Concourse,40.813224,-73.929849
65,138/GRAND CONC,138 St - Grand Concourse,40.813224,-73.929849
66,138 ST-3 AVE,138 St - Grand Concourse,40.813224,-73.929849
67,14TH STREET,14 St,40.740893,-74.00169
68,14TH STREET,14 St,40.738228,-73.996209
69,14TH STREET,14 St,40.737826,-74.000201
70,14 ST-UNION SQ,14 St - Union Sq,40.735736,-73.990568
71,14 ST-UNION SQ,14 St - Union Sq,40.734673,-73.989951
72,14 ST-UNION SQ,14 St - Union Sq,40.735736,-73.990568
73,14 ST-UNION SQ,14 St - Union Sq,40.734673,-73.989951
74,14 ST-UNION SQ,14 St - Union Sq,40.735736,-73.990568
75,14 ST-UNION SQ,14 St - Union Sq,40.734673,-73.989951
76,14 ST-UNION SQ,14 St - Union Sq,40.735736,-73.990568
77,14 ST-UNION SQ,14 St - Union Sq,40.734673,-73.989951
78,145 ST,145 St,40.824783,-73.944216
79,145 ST,145 St,40.826551,-73.95036
80,145 ST,145 St,40.820421,-73.936245
81,145 ST,145 St,40.824783,-73.944216
82,145 ST,145 St,40.826551,-73.95036
83,145 ST,145 St,40.820421,-73.936245
84,145 ST,145 St,40.824783,-73.944216
85,145 ST,145 St,40.826551,-73.95036
86,145 ST,145 St,40.820421,-73.936245
87,149 ST-3 AVE,149 St - Grand Concourse,40.818375,-73.927351
88,149 ST-3 AVE,149 St - Grand Concourse,40.81841,-73.926718
89,149 ST-GR CONC,149 St - Grand Concourse,40.818375,-73.927351
90,149 ST-GR CONC,149 St - Grand Concourse,40.81841,-73.926718
91,149/GRAND CONC,149 St - Grand Concourse,40.818375,-73.927351
92,149/GRAND CONC,149 St - Grand Concourse,40.81841,-73.926718
93,15 ST-PROSPECT,15 St - Prospect Park,40.660365,-73.979493
94,155 ST,155 St,40.830518,-73.941514
95,155 ST,155 St,40.830135,-73.938209
96,155 ST,155 St,40.830518,-73.941514
97,155 ST,155 St,40.830135,-73.938209
98,157 ST,157 St,40.834041,-73.94489
99,161 ST-YANKEE,161 St - Yankee Stadium,40.827905,-73.925651
100,161 ST-YANKEE,161 St - Yankee Stadium,40.827994,-73.925831
101,161 ST-YANKEE,161 St - Yankee Stadium,40.827905,-73.925651
102,161 ST-YANKEE,161 St - Yankee Stadium,40.827994,-73.925831
103,161/YANKEE STAD,161 St - Yankee Stadium,40.827905,-73.925651
104,161/YANKEE STAD,161 St - Yankee Stadium,40.827994,-73.925831
105,161/YANKEE STAD,161 St - Yankee Stadium,40.827905,-73.925651
106,161/YANKEE STAD,161 St - Yankee Stadium,40.827994,-73.925831
107,163 ST-AMSTERDM,163 St - Amsterdam Av,40.836013,-73.939892
108,167 ST,167 St,40.833771,-73.91844
109,167 ST,167 St,40.835537,-73.9214
110,167 ST,167 St,40.833771,-73.91844
111,167 ST,167 St,40.835537,-73.9214
112,168 ST,168 St,40.840719,-73.939561
113,168 ST,168 St,40.840719,-73.939561
114,168 ST-BROADWAY,168 St - Washington Hts,40.840556,-73.940133
115,168 ST-BROADWAY,168 St - Washington Hts,40.840556,-73.940133
116,169 ST,169 St,40.71047,-73.793604
117,170 ST,170 St,40.839306,-73.9134
118,170 ST,170 St,40.840075,-73.917791
119,170 ST,170 St,40.839306,-73.9134
120,170 ST,170 St,40.840075,-73.917791
121,174 ST,174 St,40.837288,-73.887734
122,174-175 ST,174-175 Sts,40.8459,-73.910136
123,174-175 STS,174-175 Sts,40.8459,-73.910136
124,175 ST,175 St,40.847391,-73.939704
125,176 ST,176 St,40.84848,-73.911794
126,18 AVE,18 Av,40.607954,-74.001736
127,18 AVE,18 Av,40.620671,-73.990414
128,18 AVE,18 Av,40.629755,-73.976971
129,18 AVE,18 Av,40.607954,-74.001736
130,18 AVE,18 Av,40.620671,-73.990414
131,18 AVE,18 Av,40.629755,-73.976971
132,18 AVE,18 Av,40.607954,-74.001736
133,18 AVE,18 Av,40.620671,-73.990414
134,18 AVE,18 Av,40.629755,-73.976971
135,18 AV,18 Av,40.607954,-74.001736
136,18 AV,18 Av,40.620671,-73.990414
137,18 AV,18 Av,40.629755,-73.976971
138,18 AV,18 Av,40.607954,-74.001736
139,18 AV,18 Av,40.620671,-73.990414
140,18 AV,18 Av,40.629755,-73.976971
141,18 AV,18 Av,40.607954,-74.001736
142,18 AV,18 Av,40.620671,-73.990414
143,18 AV,18 Av,40.629755,-73.976971
144,18 ST,18 St,40.74104,-73.997871
145,181 ST,181 St,40.851695,-73.937969
146,181 ST,181 St,40.849505,-73.933596
147,181 ST,181 St,40.851695,-73.937969
148,181 ST,181 St,40.849505,-73.933596
149,182-183 ST,182-183 Sts,40.856093,-73.900741
150,182-183 STS,182-183 Sts,40.856093,-73.900741
151,183 ST,183 St,40.858407,-73.903879
152,190 ST,190 St,40.859022,-73.93418
153,191 ST,191 St,40.855225,-73.929412
154,2 AVE,2 Av,40.723402,-73.989938
155,2 AV,2 Av,40.723402,-73.989938
156,20 AVE,20 Av,40.604556,-73.998168
157,20 AVE,20 Av,40.61741,-73.985026
158,20 AVE,20 Av,40.604556,-73.998168
159,20 AVE,20 Av,40.61741,-73.985026
160,20 AV,20 Av,40.604556,-73.998168
161,20 AV,20 Av,40.61741,-73.985026
162,20 AV,20 Av,40.604556,-73.998168
163,20 AV,20 Av,40.61741,-73.985026
164,207 ST,207 St,40.864621,-73.918822
165,21 ST,21 St,40.744065,-73.949724
166,21 ST,21 St - Queensbridge,40.754203,-73.942836
167,21 ST-QNSBRIDGE,21 St - Queensbridge,40.754203,-73.942836
168,215 ST,215 St,40.869444,-73.915279
169,219 ST,219 St,40.883895,-73.862633
170,225 ST,225 St,40.888022,-73.860341
171,23 ST-5 AVE,23 St,40.741303,-73.989344
172,23 ST-5 AVE,23 St,40.745906,-73.998041
173,23 ST-5 AVE,23 St,40.742878,-73.992821
174,23 ST-5 AVE,23 St,40.744081,-73.995657
175,23 ST-5 AVE,23 St,40.739864,-73.986599
176,23 ST-6 AVE,23 St,40.741303,-73.989344
177,23 ST-6 AVE,23 St,40.745906,-73.998041
178,23 ST-6 AVE,23 St,40.742878,-73.992821
179,23 ST-6 AVE,23 St,40.744081,-73.995657
180,23 ST-6 AVE,23 St,40.739864,-73.986599
181,23 ST,23 St,40.741303,-73.989344
182,23 ST,23 St,40.745906,-73.998041
183,23 ST,23 St,40.742878,-73.992821
184,23 ST,23 St,40.744081,-73.995657
185,23 ST,23 St,40.739864,-73.986599
186,23 ST,23 St,40.741303,-73.989344
187,23 ST,23 St,40.745906,-73.998041
188,23 ST,23 St,40.742878,-73.992821
189,23 ST,23 St,40.744081,-73.995657
190,23 ST,23 St,40.739864,-73.986599
191,23 ST,23 St,40.741303,-73.989344
192,23 ST,23 St,40.745906,-73.998041
193,23 ST,23 St,40.742878,-73.992821
194,23 ST,23 St,40.744081,-73.995657
195,23 ST,23 St,40.739864,-73.986599
196,23 ST,23 St,40.741303,-73.989344
197,23 ST,23 St,40.745906,-73.998041
198,23 ST,23 St,40.742878,-73.992821
199,23 ST,23 St,40.744081,-73.995657
200,23 ST,23 St,40.739864,-73.986599
201,23 ST,23 St,40.741303,-73.989344
202,23 ST,23 St,40.745906,-73.998041
203,23 ST,23 St,40.742878,-73.992821
204,23 ST,23 St,40.744081,-73.995657
205,23 ST,23 St,40.739864,-73.986599
206,23 ST,23 St,40.741303,-73.989344
207,23 ST,23 St,40.745906,-73.998041
208,23 ST,23 St,40.742878,-73.992821
209,23 ST,23 St,40.744081,-73.995657
210,23 ST,23 St,40.739864,-73.986599
211,231 ST,231 St,40.878856,-73.904834
212,233 ST,233 St,40.893193,-73.857473
213,238 ST,238 St,40.884667,-73.90087
214,25 AVE,25 Av,40.597704,-73.986829
215,25 AV,25 Av,40.597704,-73.986829
216,25 ST,25 St,40.660397,-73.998091
217,28 ST-BROADWAY,28 St,40.745494,-73.988691
218,28 ST-BROADWAY,28 St,40.747215,-73.993365
219,28 ST-BROADWAY,28 St,40.74307,-73.984264
220,28 ST,28 St,40.745494,-73.988691
221,28 ST,28 St,40.747215,-73.993365
222,28 ST,28 St,40.74307,-73.984264
223,28 ST,28 St,40.745494,-73.988691
224,28 ST,28 St,40.747215,-73.993365
225,28 ST,28 St,40.74307,-73.984264
226,28 ST,28 St,40.745494,-73.988691
227,28 ST,28 St,40.747215,-73.993365
228,28 ST,28 St,40.74307,-73.984264
229,28 ST,28 St,40.745494,-73.988691
230,28 ST,28 St,40.747215,-73.993365
231,28 ST,28 St,40.74307,-73.984264
232,3 AV,3 Av,40.732849,-73.986122
233,3 AV 138 ST,3 Av - 149 St,40.816109,-73.917757
234,3 AV-149 ST,3 Av - 149 St,40.816109,-73.917757
235,3 AVE,3 Av - 149 St,40.816109,-73.917757
236,GRAND-30 AVE,30 Av,40.766779,-73.921479
237,30 AV,30 Av,40.766779,-73.921479
238,30 AV,30 Av,40.766779,-73.921479
239,33 ST-RAWSON ST,33 St,40.746081,-73.982076
240,33 ST-RAWSON ST,33 St,40.744587,-73.930997
241,33 ST/RAWSON ST,33 St,40.746081,-73.982076
242,33 ST/RAWSON ST,33 St,40.744587,-73.930997
243,34 ST-HERALD SQ,33 St,40.746081,-73.982076
244,34 ST-HERALD SQ,33 St,40.744587,-73.930997
245,33 ST,33 St,40.746081,-73.982076
246,33 ST,33 St,40.744587,-73.930997
247,34 ST-HUDSON YD,34 St - 11 Av,40.755882,-74.00191
248,34 ST-HERALD SQ,34 St - Herald Sq,40.749567,-73.98795
249,34 ST-HERALD SQ,34 St - Herald Sq,40.749719,-73.987823
250,34 ST-PENN STA,34 St - Penn Station,40.752287,-73.993391
251,34 ST-PENN STA,34 St - Penn Station,40.750373,-73.991057
252,34 ST-PENN STA,34 St - Penn Station,40.752287,-73.993391
253,34 ST-PENN STA,34 St - Penn Station,40.750373,-73.991057
254,34 ST-PENN STA,34 St - Penn Station,40.752287,-73.993391
255,34 ST-PENN STA,34 St - Penn Station,40.750373,-73.991057
256,WASHINGTON-36 A,36 Av,40.756804,-73.929575
257,36 AV,36 Av,40.756804,-73.929575
258,36 AV,36 Av,40.756804,-73.929575
259,36 ST,36 St,40.655144,-74.003549
260,36 ST,36 St,40.752039,-73.928781
261,36 ST,36 St,40.655144,-74.003549
262,36 ST,36 St,40.752039,-73.928781
263,BEEBE-39 AVE,39 Av,40.752882,-73.932755
264,39 AV,39 Av,40.752882,-73.932755
265,39 AV,39 Av,40.752882,-73.932755
266,4 AV-9 ST,4 Av,40.670272,-73.989779
267,4 AVE,4 Av,40.670272,-73.989779
268,40 ST LOWERY ST,40 St,40.743781,-73.924016
269,40 ST-LOWERY ST,40 St,40.743781,-73.924016
270,42 ST-BRYANT PK,42 St - Bryant Pk,40.754222,-73.984569
271,42 ST-PA BUS TE,42 St - Port Authority Bus Terminal,40.757308,-73.989735
272,42 ST-PA BUS TE,42 St - Port Authority Bus Terminal,40.757308,-73.989735
273,42 ST-PORT AUTH,42 St - Port Authority Bus Terminal,40.757308,-73.989735
274,42 ST-PORT AUTH,42 St - Port Authority Bus Terminal,40.757308,-73.989735
275,42 ST-PORT AUTH,42 St - Port Authority Bus Terminal,40.757308,-73.989735
276,42 ST-PORT AUTH,42 St - Port Authority Bus Terminal,40.757308,-73.989735
277,42 ST-TIMES SQ,42 St - Port Authority Bus Terminal,40.757308,-73.989735
278,42 ST-TIMES SQ,42 St - Port Authority Bus Terminal,40.757308,-73.989735
279,45 ST,45 St,40.648939,-74.010006
280,46 ST BLISS ST,46 St,40.756312,-73.913333
281,46 ST BLISS ST,46 St,40.743132,-73.918435
282,46 ST-BLISS ST,46 St,40.756312,-73.913333
283,46 ST-BLISS ST,46 St,40.743132,-73.918435
284,46 ST,46 St,40.756312,-73.913333
285,46 ST,46 St,40.743132,-73.918435
286,47-50 ST-ROCK,47-50 Sts - Rockefeller Ctr,40.758663,-73.981329
287,47-50 STS ROCK,47-50 Sts - Rockefeller Ctr,40.758663,-73.981329
288,49 ST-7 AVE,49 St,40.759901,-73.984139
289,49 ST,49 St,40.759901,-73.984139
290,49 ST,49 St,40.759901,-73.984139
291,5 AVE,5 Av,40.753821,-73.981963
292,5 AVE-BRYANT PK,5 Av,40.753821,-73.981963
293,5 AVE-53 ST,5 Av/53 St,40.760167,-73.975224
294,5 AV/53 ST,5 Av/53 St,40.760167,-73.975224
295,5 AVE-59 ST,5 Av/59 St,40.764811,-73.973347
296,5 AV/59 ST,5 Av/59 St,40.764811,-73.973347
297,5 AV/59 ST,5 Av/59 St,40.764811,-73.973347
298,50 ST,50 St,40.63626,-73.994791
299,50 ST,50 St,40.762456,-73.985984
300,50 ST,50 St,40.761728,-73.983849
301,50 ST,50 St,40.63626,-73.994791
302,50 ST,50 St,40.762456,-73.985984
303,50 ST,50 St,40.761728,-73.983849
304,50 ST,50 St,40.63626,-73.994791
305,50 ST,50 St,40.762456,-73.985984
306,50 ST,50 St,40.761728,-73.983849
307,51 ST,51 St,40.757107,-73.97192
308,52 ST-LINCOLN,52 St,40.744149,-73.912549
309,52 ST,52 St,40.744149,-73.912549
310,53 ST,53 St,40.645069,-74.014034
311,55 ST,55 St,40.631435,-73.995476
312,57 ST,57 St,40.763972,-73.97745
313,57 ST-7 AV,57 St - 7 Av,40.764664,-73.980658
314,57 ST-7 AV,57 St - 7 Av,40.764664,-73.980658
315,57 ST-7 AVE,57 St - 7 Av,40.764664,-73.980658
316,59 ST,59 St,40.641362,-74.017881
317,59 ST,59 St,40.762526,-73.967967
318,59 ST,59 St,40.641362,-74.017881
319,59 ST,59 St,40.762526,-73.967967
320,59 ST,59 St,40.641362,-74.017881
321,59 ST,59 St,40.762526,-73.967967
322,59 ST,59 St,40.641362,-74.017881
323,59 ST,59 St,40.762526,-73.967967
324,59 ST,59 St,40.641362,-74.017881
325,59 ST,59 St,40.762526,-73.967967
326,59 ST,59 St,40.641362,-74.017881
327,59 ST,59 St,40.762526,-73.967967
328,59 ST COLUMBUS,59 St - Columbus Circle,40.768296,-73.981736
329,59 ST COLUMBUS,59 St - Columbus Circle,40.768247,-73.981929
330,59 ST COLUMBUS,59 St - Columbus Circle,40.768296,-73.981736
331,59 ST COLUMBUS,59 St - Columbus Circle,40.768247,-73.981929
332,59 ST-COLUMBUS,59 St - Columbus Circle,40.768296,-73.981736
333,59 ST-COLUMBUS,59 St - Columbus Circle,40.768247,-73.981929
334,59 ST-COLUMBUS,59 St - Columbus Circle,40.768296,-73.981736
335,59 ST-COLUMBUS,59 St - Columbus Circle,40.768247,-73.981929
336,6 AVE,6 Av,40.737335,-73.996786
337,6 AV,6 Av,40.737335,-73.996786
338,63 DR-REGO PARK,63 Dr - Rego Park,40.729846,-73.861604
339,65 ST,65 St,40.749669,-73.898453
340,66 ST-LINCOLN,66 St - Lincoln Center,40.77344,-73.982209
341,67 AVE,67 Av,40.726523,-73.852719
342,67 AV,67 Av,40.726523,-73.852719
343,68ST-HUNTER CO,68 St - Hunter College,40.768141,-73.96387
344,68ST-HUNTER COL,68 St - Hunter College,40.768141,-73.96387
345,69 ST-FISK AVE,69 St,40.746325,-73.896403
346,69 ST,69 St,40.746325,-73.896403
347,7 AV-PARK SLOPE,7 Av,40.67705,-73.972367
348,7 AV-PARK SLOPE,7 Av,40.666271,-73.980305
349,7 AV-PARK SLOPE,7 Av,40.762862,-73.981637
350,7 AVE,7 Av,40.67705,-73.972367
351,7 AVE,7 Av,40.666271,-73.980305
352,7 AVE,7 Av,40.762862,-73.981637
353,7 AVE-53 ST,7 Av,40.67705,-73.972367
354,7 AVE-53 ST,7 Av,40.666271,-73.980305
355,7 AVE-53 ST,7 Av,40.762862,-73.981637
356,7 AV,7 Av,40.67705,-73.972367
357,7 AV,7 Av,40.666271,-73.980305
358,7 AV,7 Av,40.762862,-73.981637
359,7 AV,7 Av,40.67705,-73.972367
360,7 AV,7 Av,40.666271,-73.980305
361,7 AV,7 Av,40.762862,-73.981637
362,7 AV,7 Av,40.67705,-73.972367
363,7 AV,7 Av,40.666271,-73.980305
364,7 AV,7 Av,40.762862,-73.981637
365,71 ST,71 St,40.619589,-73.998864
366,72 ST-2 AVE,72 St,40.775594,-73.97641
367,72 ST-2 AVE,72 St,40.778453,-73.98197
368,72 ST-2 AVE,72 St,40.768799,-73.958424
369,72 ST,72 St,40.775594,-73.97641
370,72 ST,72 St,40.778453,-73.98197
371,72 ST,72 St,40.768799,-73.958424
372,72 ST,72 St,40.775594,-73.97641
373,72 ST,72 St,40.778453,-73.98197
374,72 ST,72 St,40.768799,-73.958424
375,74 ST-BROADWAY,74 St - Broadway,40.746848,-73.891394
376,75 AVE,75 Av,40.718331,-73.837324
377,75 AV,75 Av,40.718331,-73.837324
378,75 ST-ELDERTS,75 St,40.691324,-73.867139
379,ELDERTS LANE,75 St,40.691324,-73.867139
380,77 ST,77 St,40.629742,-74.02551
381,77 ST,77 St,40.77362,-73.959874
382,77 ST,77 St,40.629742,-74.02551
383,77 ST,77 St,40.77362,-73.959874
384,79 ST,79 St,40.613501,-74.00061
385,79 ST,79 St,40.783934,-73.979917
386,79 ST,79 St,40.613501,-74.00061
387,79 ST,79 St,40.783934,-73.979917
388,8 AVE,8 Av,40.635064,-74.011719
389,8 AVE,8 Av,40.739777,-74.002578
390,8 AVE,8 Av,40.635064,-74.011719
391,8 AVE,8 Av,40.739777,-74.002578
392,8 AV,8 Av,40.635064,-74.011719
393,8 AV,8 Av,40.739777,-74.002578
394,8 AV,8 Av,40.635064,-74.011719
395,8 AV,8 Av,40.739777,-74.002578
396,8 ST-B'WAY NYU,8 St - NYU,40.730328,-73.992629
397,8 ST-NYU,8 St - NYU,40.730328,-73.992629
398,8 ST-NYU,8 St - NYU,40.730328,-73.992629
399,HUDSON-80 ST,80 St,40.679371,-73.858992
400,80 ST,80 St,40.679371,-73.858992
401,81 ST-MUSEUM,81 St - Museum of Natural History,40.781433,-73.972143
402,82 ST-JACKSON H,82 St - Jackson Hts,40.747659,-73.883697
403,85 ST-FOREST PK,85 St - Forest Pkwy,40.692435,-73.86001
404,86 ST-2 AVE,86 St,40.622687,-74.028398
405,86 ST-2 AVE,86 St,40.592721,-73.97823
406,86 ST-2 AVE,86 St,40.785868,-73.968916
407,86 ST-2 AVE,86 St,40.788644,-73.976218
408,86 ST-2 AVE,86 St,40.779492,-73.955589
409,86 ST-2 AVE,86 St,40.777891,-73.951787
410,86 ST,86 St,40.622687,-74.028398
411,86 ST,86 St,40.592721,-73.97823
412,86 ST,86 St,40.785868,-73.968916
413,86 ST,86 St,40.788644,-73.976218
414,86 ST,86 St,40.779492,-73.955589
415,86 ST,86 St,40.777891,-73.951787
416,86 ST,86 St,40.622687,-74.028398
417,86 ST,86 St,40.592721,-73.97823
418,86 ST,86 St,40.785868,-73.968916
419,86 ST,86 St,40.788644,-73.976218
420,86 ST,86 St,40.779492,-73.955589
421,86 ST,86 St,40.777891,-73.951787
422,86 ST,86 St,40.622687,-74.028398
423,86 ST,86 St,40.592721,-73.97823
424,86 ST,86 St,40.785868,-73.968916
425,86 ST,86 St,40.788644,-73.976218
426,86 ST,86 St,40.779492,-73.955589
427,86 ST,86 St,40.777891,-73.951787
428,86 ST,86 St,40.622687,-74.028398
429,86 ST,86 St,40.592721,-73.97823
430,86 ST,86 St,40.785868,-73.968916
431,86 ST,86 St,40.788644,-73.976218
432,86 ST,86 St,40.779492,-73.955589
433,86 ST,86 St,40.777891,-73.951787
434,86 ST,86 St,40.622687,-74.028398
435,86 ST,86 St,40.592721,-73.97823
436,86 ST,86 St,40.785868,-73.968916
437,86 ST,86 St,40.788644,-73.976218
438,86 ST,86 St,40.779492,-73.955589
439,86 ST,86 St,40.777891,-73.951787
440,BOYD-88 ST,88 St,40.679843,-73.85147
441,88 ST,88 St,40.679843,-73.85147
442,9 AVE,9 Av,40.646292,-73.994324
443,9 AV,9 Av,40.646292,-73.994324
444,9TH STREET,9 St,40.670847,-73.988302
445,9 ST,9 St,40.670847,-73.988302
446,90 ST-ELMHURST,90 St - Elmhurst Av,40.748408,-73.876613
447,96 ST-2 AVE,96 St,40.791642,-73.964696
448,96 ST-2 AVE,96 St,40.793919,-73.972323
449,96 ST-2 AVE,96 St,40.785672,-73.95107
450,96 ST-2 AVE,96 St,40.784318,-73.947152
451,96 ST,96 St,40.791642,-73.964696
452,96 ST,96 St,40.793919,-73.972323
453,96 ST,96 St,40.785672,-73.95107
454,96 ST,96 St,40.784318,-73.947152
455,96 ST,96 St,40.791642,-73.964696
456,96 ST,96 St,40.793919,-73.972323
457,96 ST,96 St,40.785672,-73.95107
458,96 ST,96 St,40.784318,-73.947152
459,96 ST,96 St,40.791642,-73.964696
460,96 ST,96 St,40.793919,-73.972323
461,96 ST,96 St,40.785672,-73.95107
462,96 ST,96 St,40.784318,-73.947152
463,ALABAMA AVE,Alabama Av,40.676992,-73.898654
464,ALABAMA AV,Alabama Av,40.676992,-73.898654
465,ALLERTON AVE,Allerton Av,40.865462,-73.867352
466,ALLERTON AV,Allerton Av,40.865462,-73.867352
467,AQUEDUCT N.COND,Aqueduct - N Conduit Av,40.668234,-73.834058
468,AQUEDUCT TRACK,Aqueduct - N Conduit Av,40.668234,-73.834058
469,AQUEDUCT RACETR,Aqueduct Racetrack,40.672097,-73.835919
470,AQUEDUCT-N CNDT,Aqueduct Racetrack,40.672097,-73.835919
471,ASTOR PLACE,Astor Pl,40.730054,-73.99107
472,ASTOR PL,Astor Pl,40.730054,-73.99107
473,ASTORIA DITMARS,Astoria - Ditmars Blvd,40.775036,-73.912034
474,ASTORIA DITMARS,Astoria - Ditmars Blvd,40.775036,-73.912034
475,DITMARS BL-31 S,Astoria - Ditmars Blvd,40.775036,-73.912034
476,HOYT ST-ASTORIA,Astoria Blvd,40.770258,-73.917843
477,ASTORIA BLVD,Astoria Blvd,40.770258,-73.917843
478,ASTORIA BLVD,Astoria Blvd,40.770258,-73.917843
479,ATLANTIC AVE,Atlantic Av,40.675345,-73.903097
480,ATLANTIC AV,Atlantic Av,40.675345,-73.903097
481,ATL AV-BARCLAY,Atlantic Av - Barclays Ctr,40.683666,-73.97881
482,ATL AV-BARCLAY,Atlantic Av - Barclays Ctr,40.68446,-73.97689
483,ATL AV-BARCLAY,Atlantic Av - Barclays Ctr,40.684359,-73.977666
484,ATL AV-BARCLAY,Atlantic Av - Barclays Ctr,40.683666,-73.97881
485,ATL AV-BARCLAY,Atlantic Av - Barclays Ctr,40.68446,-73.97689
486,ATL AV-BARCLAY,Atlantic Av - Barclays Ctr,40.684359,-73.977666
487,BARCLAYS CENTER,Atlantic Av - Barclays Ctr,40.683666,-73.97881
488,BARCLAYS CENTER,Atlantic Av - Barclays Ctr,40.68446,-73.97689
489,BARCLAYS CENTER,Atlantic Av - Barclays Ctr,40.684359,-73.977666
490,BARCLAYS CENTER,Atlantic Av - Barclays Ctr,40.683666,-73.97881
491,BARCLAYS CENTER,Atlantic Av - Barclays Ctr,40.68446,-73.97689
492,BARCLAYS CENTER,Atlantic Av - Barclays Ctr,40.684359,-73.977666
493,AVE H,Avenue H,40.62927,-73.961639
494,AVENUE H,Avenue H,40.62927,-73.961639
495,AVE I,Avenue I,40.625322,-73.976127
496,AVENUE I,Avenue I,40.625322,-73.976127
497,AVE J,Avenue J,40.625039,-73.960803
498,AVENUE J,Avenue J,40.625039,-73.960803
499,AVE M,Avenue M,40.617618,-73.959399
500,AVENUE M,Avenue M,40.617618,-73.959399
501,AVE N,Avenue N,40.61514,-73.974197
502,AVENUE N,Avenue N,40.61514,-73.974197
503,AVE P,Avenue P,40.608944,-73.973022
504,AVENUE P,Avenue P,40.608944,-73.973022
505,AVE U,Avenue U,40.5993,-73.955929
506,AVE U,Avenue U,40.597473,-73.979137
507,AVE U,Avenue U,40.596063,-73.973357
508,AVE U,Avenue U,40.5993,-73.955929
509,AVE U,Avenue U,40.597473,-73.979137
510,AVE U,Avenue U,40.596063,-73.973357
511,AVE U,Avenue U,40.5993,-73.955929
512,AVE U,Avenue U,40.597473,-73.979137
513,AVE U,Avenue U,40.596063,-73.973357
514,AVENUE U,Avenue U,40.5993,-73.955929
515,AVENUE U,Avenue U,40.597473,-73.979137
516,AVENUE U,Avenue U,40.596063,-73.973357
517,AVENUE U,Avenue U,40.5993,-73.955929
518,AVENUE U,Avenue U,40.597473,-73.979137
519,AVENUE U,Avenue U,40.596063,-73.973357
520,AVENUE U,Avenue U,40.5993,-73.955929
521,AVENUE U,Avenue U,40.597473,-73.979137
522,AVENUE U,Avenue U,40.596063,-73.973357
523,AVE X,Avenue X,40.58962,-73.97425
524,AVENUE X,Avenue X,40.58962,-73.97425
525,BAY 50 ST,Bay 50 St,40.588841,-73.983765
526,22 AVE-BAY PKY,Bay Pkwy,40.601875,-73.993728
527,22 AVE-BAY PKY,Bay Pkwy,40.611815,-73.981848
528,22 AVE-BAY PKY,Bay Pkwy,40.620769,-73.975264
529,BAY PARKWAY,Bay Pkwy,40.601875,-73.993728
530,BAY PARKWAY,Bay Pkwy,40.611815,-73.981848
531,BAY PARKWAY,Bay Pkwy,40.620769,-73.975264
532,BAY PKY-22 AVE,Bay Pkwy,40.601875,-73.993728
533,BAY PKY-22 AVE,Bay Pkwy,40.611815,-73.981848
534,BAY PKY-22 AVE,Bay Pkwy,40.620769,-73.975264
535,BAY PKWY,Bay Pkwy,40.601875,-73.993728
536,BAY PKWY,Bay Pkwy,40.611815,-73.981848
537,BAY PKWY,Bay Pkwy,40.620769,-73.975264
538,BAY PKWY,Bay Pkwy,40.601875,-73.993728
539,BAY PKWY,Bay Pkwy,40.611815,-73.981848
540,BAY PKWY,Bay Pkwy,40.620769,-73.975264
541,BAY PKWY,Bay Pkwy,40.601875,-73.993728
542,BAY PKWY,Bay Pkwy,40.611815,-73.981848
543,BAY PKWY,Bay Pkwy,40.620769,-73.975264
544,BAY RIDGE-95 ST,Bay Ridge - 95 St,40.616622,-74.030876
545,BAY RIDGE AVE,Bay Ridge Av,40.634967,-74.023377
546,BAY RIDGE AV,Bay Ridge Av,40.634967,-74.023377
547,BAYCHESTER AVE,Baychester Av,40.878663,-73.838591
548,BAYCHESTER AV,Baychester Av,40.878663,-73.838591
549,BEACH 105 ST,Beach 105 St,40.583209,-73.827559
550,BEACH 25 ST,Beach 25 St,40.600066,-73.761353
551,BEACH 36 ST,Beach 36 St,40.595398,-73.768175
552,BEACH 44 ST,Beach 44 St,40.592943,-73.776013
553,BEACH 60 ST,Beach 60 St,40.592374,-73.788522
554,BEACH 67 ST,Beach 67 St,40.590927,-73.796924
555,BEACH 90 ST,Beach 90 St,40.588034,-73.813641
556,BEACH 98 ST,Beach 98 St,40.585307,-73.820558
557,BEDFORD-NOSTRAN,Bedford - Nostrand Avs,40.689627,-73.953522
558,BEDFORD/NOSTRAN,Bedford - Nostrand Avs,40.689627,-73.953522
559,BEDFORD AVE,Bedford Av,40.717304,-73.956872
560,BEDFORD AV,Bedford Av,40.717304,-73.956872
561,BEDFORD PARK BL,Bedford Park Blvd,40.873244,-73.887138
562,BEDFORD PK BLVD,Bedford Park Blvd,40.873244,-73.887138
563,BEDFORD PARK BL,Bedford Park Blvd - Lehman College,40.873412,-73.890064
564,BEDFORD PK BLVD,Bedford Park Blvd - Lehman College,40.873412,-73.890064
565,BERGEN ST,Bergen St,40.686145,-73.990862
566,BERGEN ST,Bergen St,40.680829,-73.975098
567,BERGEN ST,Bergen St,40.686145,-73.990862
568,BERGEN ST,Bergen St,40.680829,-73.975098
569,BEVERLEY ROAD,Beverley Rd,40.644031,-73.964492
570,BEVERLY ROAD,Beverly Rd,40.645098,-73.948959
571,BEVERLY RD,Beverly Rd,40.645098,-73.948959
572,BLEECKER ST,Bleecker St,40.725915,-73.994659
573,BOROUGH HALL/CT,Borough Hall,40.693219,-73.989998
574,BOROUGH HALL/CT,Borough Hall,40.692404,-73.990151
575,BOROUGH HALL/CT,Borough Hall,40.693219,-73.989998
576,BOROUGH HALL/CT,Borough Hall,40.692404,-73.990151
577,BOROUGH HALL,Borough Hall,40.693219,-73.989998
578,BOROUGH HALL,Borough Hall,40.692404,-73.990151
579,BOROUGH HALL,Borough Hall,40.693219,-73.989998
580,BOROUGH HALL,Borough Hall,40.692404,-73.990151
581,BOTANIC GARDEN,Botanic Garden,40.670343,-73.959245
582,BOWERY,Bowery,40.72028,-73.993915
583,BOWLING GREEN,Bowling Green,40.704817,-74.014065
584,BRIARWOOD,Briarwood - Van Wyck Blvd,40.709179,-73.820574
585,BRIGHTON BEACH,Brighton Beach,40.577621,-73.961376
586,BROAD CHANNEL,Broad Channel,40.608382,-73.815925
587,BROAD ST,Broad St,40.706476,-74.011056
588,BROADWAY-31 ST,Broadway,40.76182,-73.925508
589,BROADWAY-31 ST,Broadway,40.706092,-73.950308
590,BROADWAY,Broadway,40.76182,-73.925508
591,BROADWAY,Broadway,40.706092,-73.950308
592,BROADWAY,Broadway,40.76182,-73.925508
593,BROADWAY,Broadway,40.706092,-73.950308
594,BROADWAY,Broadway,40.76182,-73.925508
595,BROADWAY,Broadway,40.706092,-73.950308
596,BROADWAY-ENY,Broadway Jct,40.679498,-73.904512
597,BROADWAY-ENY,Broadway Jct,40.678856,-73.90324
598,BROADWAY-ENY,Broadway Jct,40.678334,-73.905316
599,BROADWAY JCT,Broadway Jct,40.679498,-73.904512
600,BROADWAY JCT,Broadway Jct,40.678856,-73.90324
601,BROADWAY JCT,Broadway Jct,40.678334,-73.905316
602,B'WAY-LAFAYETTE,Broadway-Lafayette St,40.725297,-73.996204
603,BROADWAY/LAFAY,Broadway-Lafayette St,40.725297,-73.996204
604,BRONX PARK EAST,Bronx Park East,40.848828,-73.868457
605,BROOK AVE,Brook Av,40.807566,-73.91924
606,BROOK AV,Brook Av,40.807566,-73.91924
607,BROOKLYN BRIDGE,Brooklyn Bridge - City Hall,40.713065,-74.004131
608,BUHRE AVE,Buhre Av,40.84681,-73.832569
609,BUHRE AV,Buhre Av,40.84681,-73.832569
610,BURKE AVE,Burke Av,40.871356,-73.867164
611,BURKE AV,Burke Av,40.871356,-73.867164
612,BURNSIDE AVE,Burnside Av,40.853453,-73.907684
613,BURNSIDE AV,Burnside Av,40.853453,-73.907684
614,BUSHWICK AV,Burnside Av,40.853453,-73.907684
615,CANAL ST,Canal St,40.719527,-74.001775
616,CANAL ST,Canal St,40.718383,-74.00046
617,CANAL ST,Canal St,40.718092,-73.999892
618,CANAL ST,Canal St,40.720824,-74.005229
619,CANAL ST,Canal St,40.722854,-74.006277
620,CANAL ST,Canal St,40.718803,-74.000193
621,CANAL ST,Canal St,40.719527,-74.001775
622,CANAL ST,Canal St,40.718383,-74.00046
623,CANAL ST,Canal St,40.718092,-73.999892
624,CANAL ST,Canal St,40.720824,-74.005229
625,CANAL ST,Canal St,40.722854,-74.006277
626,CANAL ST,Canal St,40.718803,-74.000193
627,CANAL ST,Canal St,40.719527,-74.001775
628,CANAL ST,Canal St,40.718383,-74.00046
629,CANAL ST,Canal St,40.718092,-73.999892
630,CANAL ST,Canal St,40.720824,-74.005229
631,CANAL ST,Canal St,40.722854,-74.006277
632,CANAL ST,Canal St,40.718803,-74.000193
633,CANAL ST,Canal St,40.719527,-74.001775
634,CANAL ST,Canal St,40.718383,-74.00046
635,CANAL ST,Canal St,40.718092,-73.999892
636,CANAL ST,Canal St,40.720824,-74.005229
637,CANAL ST,Canal St,40.722854,-74.006277
638,CANAL ST,Canal St,40.718803,-74.000193
639,CANARSIE-ROCKAW,Canarsie - Rockaway Pkwy,40.646654,-73.90185
640,ROCKAWAY PKY,Canarsie - Rockaway Pkwy,40.646654,-73.90185
641,CARROLL ST,Carroll St,40.680303,-73.995048
642,CASTLE HILL AVE,Castle Hill Av,40.834255,-73.851222
643,CASTLE HILL AV,Castle Hill Av,40.834255,-73.851222
644,CATHEDRAL PKWY,Cathedral Pkwy,40.803967,-73.966847
645,CATHEDRL-110 ST,Cathedral Pkwy (110 St),40.800603,-73.958161
646,CENTRAL AVE,Central Av,40.697857,-73.927397
647,CENTRAL AV,Central Av,40.697857,-73.927397
648,CENTRAL PK N110,Central Park North (110 St),40.799075,-73.951822
649,CHAMBERS ST,Chambers St,40.713243,-74.003401
650,CHAMBERS ST,Chambers St,40.714111,-74.008585
651,CHAMBERS ST,Chambers St,40.715478,-74.009266
652,CHAMBERS ST,Chambers St,40.713243,-74.003401
653,CHAMBERS ST,Chambers St,40.714111,-74.008585
654,CHAMBERS ST,Chambers St,40.715478,-74.009266
655,CHAMBERS ST,Chambers St,40.713243,-74.003401
656,CHAMBERS ST,Chambers St,40.714111,-74.008585
657,CHAMBERS ST,Chambers St,40.715478,-74.009266
658,CHAUNCEY ST,Chauncey St,40.682893,-73.910456
659,CHRISTOPHER ST,Chauncey St,40.682893,-73.910456
660,CHURCH AVE,Church Av,40.650527,-73.962982
661,CHURCH AVE,Church Av,40.644041,-73.979678
662,CHURCH AVE,Church Av,40.650843,-73.949575
663,CHURCH AVE,Church Av,40.650527,-73.962982
664,CHURCH AVE,Church Av,40.644041,-73.979678
665,CHURCH AVE,Church Av,40.650843,-73.949575
666,CHURCH AVE,Church Av,40.650527,-73.962982
667,CHURCH AVE,Church Av,40.644041,-73.979678
668,CHURCH AVE,Church Av,40.650843,-73.949575
669,CHURCH AV,Church Av,40.650527,-73.962982
670,CHURCH AV,Church Av,40.644041,-73.979678
671,CHURCH AV,Church Av,40.650843,-73.949575
672,CHURCH AV,Church Av,40.650527,-73.962982
673,CHURCH AV,Church Av,40.644041,-73.979678
674,CHURCH AV,Church Av,40.650843,-73.949575
675,CHURCH AV,Church Av,40.650527,-73.962982
676,CHURCH AV,Church Av,40.644041,-73.979678
677,CHURCH AV,Church Av,40.650843,-73.949575
678,CITY / BUS,Church Av,40.650527,-73.962982
679,CITY / BUS,Church Av,40.644041,-73.979678
680,CITY / BUS,Church Av,40.650843,-73.949575
681,CITY HALL,City Hall,40.713282,-74.006978
682,CITY HALL,City Hall,40.713282,-74.006978
683,CLARK ST,Clark St,40.697466,-73.993086
684,CLASSON AVE,Classon Av,40.688873,-73.96007
685,CLASSON AV,Classon Av,40.688873,-73.96007
686,CLEVELAND ST,Cleveland St,40.679947,-73.884639
687,CLINTON-WASH AV,Clinton - Washington Avs,40.683263,-73.965838
688,CLINTON-WASH AV,Clinton - Washington Avs,40.688089,-73.966839
689,CLINTON-WASH AV,Clinton - Washington Avs,40.683263,-73.965838
690,CLINTON-WASH AV,Clinton - Washington Avs,40.688089,-73.966839
691,CONEY IS-STILLW,Coney Island - Stillwell Av,40.577422,-73.981233
692,STILLWELL AVE,Coney Island - Stillwell Av,40.577422,-73.981233
693,CORTELYOU ROAD,Cortelyou Rd,40.640927,-73.963891
694,CORTELYOU RD,Cortelyou Rd,40.640927,-73.963891
695,CORTLANDT ST,Cortlandt St,40.710668,-74.011029
696,CORTLANDT ST,Cortlandt St,40.711835,-74.012188
697,CORTLANDT ST,Cortlandt St,40.710668,-74.011029
698,CORTLANDT ST,Cortlandt St,40.711835,-74.012188
699,COURT SQ-23 ST,Court Sq,40.747846,-73.946
700,COURT SQ-23 ST,Court Sq,40.746554,-73.943832
701,COURT SQ-23 ST,Court Sq,40.747023,-73.945264
702,COURT SQ,Court Sq,40.747846,-73.946
703,COURT SQ,Court Sq,40.746554,-73.943832
704,COURT SQ,Court Sq,40.747023,-73.945264
705,COURT SQ,Court Sq,40.747846,-73.946
706,COURT SQ,Court Sq,40.746554,-73.943832
707,COURT SQ,Court Sq,40.747023,-73.945264
708,CRESCENT ST,Crescent St,40.683194,-73.873785
709,CROWN HTS-UTICA,Crown Hts - Utica Av,40.668897,-73.932942
710,CYPRESS AVE,Cypress Av,40.805368,-73.914042
711,CYPRESS AV,Cypress Av,40.805368,-73.914042
712,CYPRESS HILLS,Cypress Hills,40.689941,-73.87255
713,DEKALB AV,DeKalb Av,40.690635,-73.981824
714,DEKALB AV,DeKalb Av,40.703811,-73.918425
715,DEKALB AV,DeKalb Av,40.690635,-73.981824
716,DEKALB AV,DeKalb Av,40.703811,-73.918425
717,DELANCEY/ESSEX,Delancey St,40.718611,-73.988114
718,DELANCEY ST,Delancey St,40.718611,-73.988114
719,DITMAS AVE,Ditmas Av,40.636119,-73.978172
720,DITMAS AV,Ditmas Av,40.636119,-73.978172
721,DYCKMAN-200 ST,Dyckman St,40.865491,-73.927271
722,DYCKMAN-200 ST,Dyckman St,40.860531,-73.925536
723,DYCKMAN ST,Dyckman St,40.865491,-73.927271
724,DYCKMAN ST,Dyckman St,40.860531,-73.925536
725,DYCKMAN ST,Dyckman St,40.865491,-73.927271
726,DYCKMAN ST,Dyckman St,40.860531,-73.925536
727,DYRE AVE,Dyckman St,40.865491,-73.927271
728,DYRE AVE,Dyckman St,40.860531,-73.925536
729,EAST 105 ST,E 105 St,40.650573,-73.899485
730,E 143 ST,E 143 St - St Mary's St,40.808719,-73.907657
731,E 143/ST MARY'S,E 143 St - St Mary's St,40.808719,-73.907657
732,E 149 ST,E 149 St,40.812118,-73.904098
733,E 180 ST,E 180 St,40.841894,-73.873488
734,EAST BROADWAY,East Broadway,40.713715,-73.990173
735,EASTCHSTER/DYRE,Eastchester - Dyre Av,40.8883,-73.830834
736,EASTERN PKWY,Eastern Pkwy - Brooklyn Museum,40.671987,-73.964375
737,EASTN PKWY-MUSM,Eastern Pkwy - Brooklyn Museum,40.671987,-73.964375
738,ELDER AVE,Elder Av,40.828584,-73.879159
739,ELDER AV,Elder Av,40.828584,-73.879159
740,ELMHURST AVE,Elmhurst Av,40.742454,-73.882017
741,ELMHURST AV,Elmhurst Av,40.742454,-73.882017
742,ESSEX ST,Essex St,40.718315,-73.987437
743,EUCLID AVE,Euclid Av,40.675377,-73.872106
744,EUCLID AV,Euclid Av,40.675377,-73.872106
745,EXCHANGE PLACE,Euclid Av,40.675377,-73.872106
746,FAR ROCKAWAY,Far Rockaway - Mott Av,40.603995,-73.755405
747,FLATBUSH AV-B.C,Flatbush Av - Brooklyn College,40.632836,-73.947642
748,FLATBUSH AVE,Flatbush Av - Brooklyn College,40.632836,-73.947642
749,FLUSHING-MAIN,Flushing - Main St,40.7596,-73.83003
750,FLUSHING AVE,Flushing Av,40.70026,-73.941126
751,FLUSHING AVE,Flushing Av,40.700377,-73.950234
752,FLUSHING AVE,Flushing Av,40.70026,-73.941126
753,FLUSHING AVE,Flushing Av,40.700377,-73.950234
754,FLUSHING AV,Flushing Av,40.70026,-73.941126
755,FLUSHING AV,Flushing Av,40.700377,-73.950234
756,FLUSHING AV,Flushing Av,40.70026,-73.941126
757,FLUSHING AV,Flushing Av,40.700377,-73.950234
758,FORDHAM ROAD,Fordham Rd,40.861296,-73.897749
759,FORDHAM ROAD,Fordham Rd,40.862803,-73.901034
760,FORDHAM ROAD,Fordham Rd,40.861296,-73.897749
761,FORDHAM ROAD,Fordham Rd,40.862803,-73.901034
762,FORDHAM RD,Fordham Rd,40.861296,-73.897749
763,FORDHAM RD,Fordham Rd,40.862803,-73.901034
764,FORDHAM RD,Fordham Rd,40.861296,-73.897749
765,FORDHAM RD,Fordham Rd,40.862803,-73.901034
766,FOREST AVE,Forest Av,40.704423,-73.903077
767,FOREST HILLS 71,Forest Hills - 71 Av,40.721691,-73.844521
768,FOREST HILLS-71,Forest Hills - 71 Av,40.721691,-73.844521
769,FOREST PARKWAY,Forest Hills - 71 Av,40.721691,-73.844521
770,FT HAMILTON PKY,Fort Hamilton Pkwy,40.640914,-73.994304
771,FT HAMILTON PKY,Fort Hamilton Pkwy,40.631386,-74.005351
772,FT HAMILTON PKY,Fort Hamilton Pkwy,40.650782,-73.975776
773,FT HAMILTON PKY,Fort Hamilton Pkwy,40.640914,-73.994304
774,FT HAMILTON PKY,Fort Hamilton Pkwy,40.631386,-74.005351
775,FT HAMILTON PKY,Fort Hamilton Pkwy,40.650782,-73.975776
776,FT HAMILTON PKY,Fort Hamilton Pkwy,40.640914,-73.994304
777,FT HAMILTON PKY,Fort Hamilton Pkwy,40.631386,-74.005351
778,FT HAMILTON PKY,Fort Hamilton Pkwy,40.650782,-73.975776
779,FRANKLIN AVE,Franklin Av,40.680596,-73.955827
780,FRANKLIN AVE,Franklin Av,40.68138,-73.956848
781,FRANKLIN AVE,Franklin Av,40.670682,-73.958131
782,FRANKLIN AVE,Franklin Av,40.680596,-73.955827
783,FRANKLIN AVE,Franklin Av,40.68138,-73.956848
784,FRANKLIN AVE,Franklin Av,40.670682,-73.958131
785,FRANKLIN AV,Franklin Av,40.680596,-73.955827
786,FRANKLIN AV,Franklin Av,40.68138,-73.956848
787,FRANKLIN AV,Franklin Av,40.670682,-73.958131
788,FRANKLIN AV,Franklin Av,40.680596,-73.955827
789,FRANKLIN AV,Franklin Av,40.68138,-73.956848
790,FRANKLIN AV,Franklin Av,40.670682,-73.958131
791,FRANKLIN ST,Franklin St,40.719318,-74.006886
792,FREEMAN ST,Freeman St,40.829993,-73.891865
793,FRESH POND ROAD,Fresh Pond Rd,40.706186,-73.895877
794,FRESH POND RD,Fresh Pond Rd,40.706186,-73.895877
795,FULTON ST,Fulton St,40.710374,-74.007582
796,FULTON ST,Fulton St,40.710197,-74.007691
797,FULTON ST,Fulton St,40.687119,-73.975375
798,FULTON ST,Fulton St,40.709416,-74.006571
799,FULTON ST,Fulton St,40.710368,-74.009509
800,FULTON ST,Fulton St,40.710374,-74.007582
801,FULTON ST,Fulton St,40.710197,-74.007691
802,FULTON ST,Fulton St,40.687119,-73.975375
803,FULTON ST,Fulton St,40.709416,-74.006571
804,FULTON ST,Fulton St,40.710368,-74.009509
805,FULTON ST,Fulton St,40.710374,-74.007582
806,FULTON ST,Fulton St,40.710197,-74.007691
807,FULTON ST,Fulton St,40.687119,-73.975375
808,FULTON ST,Fulton St,40.709416,-74.006571
809,FULTON ST,Fulton St,40.710368,-74.009509
810,GATES AV,Gates Av,40.68963,-73.92227
811,GATES AVE,Gates Av,40.68963,-73.92227
812,GRAHAM AVE,Graham Av,40.714565,-73.944053
813,GRAHAM AV,Graham Av,40.714565,-73.944053
814,GRAND ARMY PLAZ,Grand Army Plaza,40.675235,-73.971046
815,GRAND AV-NEWTON,Grand Av - Newtown,40.737015,-73.877223
816,GRAND-NEWTOWN,Grand Av - Newtown,40.737015,-73.877223
817,42 ST-GRD CNTRL,Grand Central - 42 St,40.751776,-73.976848
818,42 ST-GRD CNTRL,Grand Central - 42 St,40.751431,-73.976041
819,42 ST-GRD CNTRL,Grand Central - 42 St,40.752769,-73.979189
820,GRD CNTRL-42 ST,Grand Central - 42 St,40.751776,-73.976848
821,GRD CNTRL-42 ST,Grand Central - 42 St,40.751431,-73.976041
822,GRD CNTRL-42 ST,Grand Central - 42 St,40.752769,-73.979189
823,GRAND ST,Grand St,40.711926,-73.94067
824,GRAND ST,Grand St,40.718267,-73.993753
825,GRAND ST,Grand St,40.711926,-73.94067
826,GRAND ST,Grand St,40.718267,-73.993753
827,GRANT AVE,Grant Av,40.677044,-73.86505
828,GRANT AV,Grant Av,40.677044,-73.86505
829,GREENPOINT AVE,Greenpoint Av,40.731352,-73.954449
830,GREENPOINT AV,Greenpoint Av,40.731352,-73.954449
831,GROVE STREET,Greenpoint Av,40.731352,-73.954449
832,GUN HILL ROAD,Gun Hill Rd,40.87785,-73.866256
833,GUN HILL ROAD,Gun Hill Rd,40.869526,-73.846384
834,GUN HILL ROAD,Gun Hill Rd,40.87785,-73.866256
835,GUN HILL ROAD,Gun Hill Rd,40.869526,-73.846384
836,GUN HILL RD,Gun Hill Rd,40.87785,-73.866256
837,GUN HILL RD,Gun Hill Rd,40.869526,-73.846384
838,GUN HILL RD,Gun Hill Rd,40.87785,-73.866256
839,GUN HILL RD,Gun Hill Rd,40.869526,-73.846384
840,HALSEY ST,Halsey St,40.68637,-73.916559
841,HALSEY ST,Halsey St,40.695602,-73.904084
842,HALSEY ST,Halsey St,40.68637,-73.916559
843,HALSEY ST,Halsey St,40.695602,-73.904084
844,148 ST-LENOX,Harlem - 148 St,40.82388,-73.93647
845,HARLEM 148 ST,Harlem - 148 St,40.82388,-73.93647
846,HARRISON,Harlem - 148 St,40.82388,-73.93647
847,HEWES ST,Hewes St,40.70687,-73.953431
848,HIGH ST,High St,40.699337,-73.990531
849,HOUSTON ST,Houston St,40.728251,-74.005367
850,HOWARD BCH JFK,Howard Beach - JFK Airport,40.660476,-73.830301
851,HOWARD BCH-JFK,Howard Beach - JFK Airport,40.660476,-73.830301
852,JFK HOWARD BCH,Howard Beach - JFK Airport,40.660476,-73.830301
853,HOYT-SCHER,Hoyt - Schermerhorn Sts,40.688484,-73.985001
854,HOYT/SCHERMER,Hoyt - Schermerhorn Sts,40.688484,-73.985001
855,HOYT ST,Hoyt St,40.690545,-73.985065
856,HUNTERS PT AV,Hunters Point Av,40.742216,-73.948916
857,HUNTERS PT AVE,Hunters Point Av,40.742216,-73.948916
858,HUNTS POINT AVE,Hunts Point Av,40.820948,-73.890549
859,HUNTS POINT AV,Hunts Point Av,40.820948,-73.890549
860,INTERVALE-163,Intervale Av,40.822181,-73.896736
861,INTERVALE AV,Intervale Av,40.822181,-73.896736
862,INWOOD-207 ST,Inwood - 207 St,40.868072,-73.919899
863,JACKSON AVE,Jackson Av,40.81649,-73.907807
864,JACKSON AV,Jackson Av,40.81649,-73.907807
865,JKSN HT-ROOSVLT,Jackson Hts - Roosevelt Av,40.746644,-73.891338
866,JAMAICA 179 ST,Jamaica - 179 St,40.712646,-73.783817
867,JAMAICA-179 ST,Jamaica - 179 St,40.712646,-73.783817
868,JAMAICA VAN WK,Jamaica - Van Wyck,40.702566,-73.816859
869,JAMAICA-VAN WYC,Jamaica - Van Wyck,40.702566,-73.816859
870,JAMAICA CENTER,Jamaica Center - Parsons/Archer,40.702147,-73.801109
871,JAY ST-METROTEC,Jay St - MetroTech,40.69218,-73.985942
872,JAY ST-METROTEC,Jay St - MetroTech,40.692338,-73.987342
873,JAY ST-METROTEC,Jay St - MetroTech,40.69218,-73.985942
874,JAY ST-METROTEC,Jay St - MetroTech,40.692338,-73.987342
875,JEFFERSON ST,Jefferson St,40.706607,-73.922913
876,JFK JAMAICA CT1,Jefferson St,40.706607,-73.922913
877,JOURNAL SQUARE,Jefferson St,40.706607,-73.922913
878,JUNCTION BLVD,Junction Blvd,40.749145,-73.869527
879,JUNIUS ST,Junius St,40.663515,-73.902447
880,KEW GARDENS,Kew Gardens - Union Tpke,40.714441,-73.831008
881,KINGS HIGHWAY,Kings Hwy,40.60867,-73.957734
882,KINGS HIGHWAY,Kings Hwy,40.603923,-73.980353
883,KINGS HIGHWAY,Kings Hwy,40.603217,-73.972361
884,KINGS HIGHWAY,Kings Hwy,40.60867,-73.957734
885,KINGS HIGHWAY,Kings Hwy,40.603923,-73.980353
886,KINGS HIGHWAY,Kings Hwy,40.603217,-73.972361
887,KINGS HIGHWAY,Kings Hwy,40.60867,-73.957734
888,KINGS HIGHWAY,Kings Hwy,40.603923,-73.980353
889,KINGS HIGHWAY,Kings Hwy,40.603217,-73.972361
890,KINGS HWY,Kings Hwy,40.60867,-73.957734
891,KINGS HWY,Kings Hwy,40.603923,-73.980353
892,KINGS HWY,Kings Hwy,40.603217,-73.972361
893,KINGS HWY,Kings Hwy,40.60867,-73.957734
894,KINGS HWY,Kings Hwy,40.603923,-73.980353
895,KINGS HWY,Kings Hwy,40.603217,-73.972361
896,KINGS HWY,Kings Hwy,40.60867,-73.957734
897,KINGS HWY,Kings Hwy,40.603923,-73.980353
898,KINGS HWY,Kings Hwy,40.603217,-73.972361
899,KINGSBRIDGE RD,Kingsbridge Rd,40.866978,-73.893509
900,KINGSBRIDGE RD,Kingsbridge Rd,40.86776,-73.897174
901,KINGSBRIDGE RD,Kingsbridge Rd,40.866978,-73.893509
902,KINGSBRIDGE RD,Kingsbridge Rd,40.86776,-73.897174
903,KINGSTON-THROOP,Kingston - Throop Avs,40.679921,-73.940858
904,KINGSTON AVE,Kingston Av,40.669399,-73.942161
905,KINGSTON AV,Kingston Av,40.669399,-73.942161
906,KNICKERBOCKER,Knickerbocker Av,40.698664,-73.919711
907,KOSCIUSZKO ST,Kosciuszko St,40.693342,-73.928814
908,LACKAWANNA,Kosciuszko St,40.693342,-73.928814
909,LAFAYETTE AVE,Lafayette Av,40.686113,-73.973946
910,LAFAYETTE AV,Lafayette Av,40.686113,-73.973946
911,LEXINGTON AV/53,Lexington Av/53 St,40.757552,-73.969055
912,LEXINGTON-53 ST,Lexington Av/53 St,40.757552,-73.969055
913,LEXINGTON AV/63,Lexington Av/63 St,40.764629,-73.966113
914,LEXINGTON AVE,Lexington Av/63 St,40.764629,-73.966113
915,LEXINGTON AVE,Lexington Av/63 St,40.764629,-73.966113
916,LIBERTY AVE,Liberty Av,40.674542,-73.896548
917,LIVONIA AVE,Liberty Av,40.674542,-73.896548
918,LIBERTY AV,Liberty Av,40.674542,-73.896548
919,LIVONIA AV,Livonia Av,40.664038,-73.900571
920,LONGWOOD AVE,Longwood Av,40.816104,-73.896435
921,LONGWOOD AV,Longwood Av,40.816104,-73.896435
922,LORIMER ST,Lorimer St,40.703869,-73.947408
923,LORIMER ST,Lorimer St,40.714063,-73.950275
924,LORIMER ST,Lorimer St,40.703869,-73.947408
925,LORIMER ST,Lorimer St,40.714063,-73.950275
926,MAIN ST,Lorimer St,40.703869,-73.947408
927,MAIN ST,Lorimer St,40.714063,-73.950275
928,MARBLE HILL-225,Marble Hill - 225 St,40.874561,-73.909831
929,MARCY AVE,Marcy Av,40.708359,-73.957757
930,MARCY AV,Marcy Av,40.708359,-73.957757
931,METROPOLITAN AV,Metropolitan Av,40.712792,-73.951418
932,METS-WILLETS PT,Mets - Willets Point,40.754622,-73.845625
933,METROPOLITAN AV,Middle Village - Metropolitan Av,40.711396,-73.889601
934,MIDDLETOWN ROAD,Middletown Rd,40.843863,-73.836322
935,MIDDLETOWN RD,Middletown Rd,40.843863,-73.836322
936,MONTROSE AVE,Montrose Av,40.707739,-73.93985
937,MONTROSE AV,Montrose Av,40.707739,-73.93985
938,MORGAN AVE,Morgan Av,40.706152,-73.933147
939,MORGAN AV,Morgan Av,40.706152,-73.933147
940,MORRIS PARK,Morris Park,40.854364,-73.860495
941,MORISN AV/SNDVW,Morrison Av- Sound View,40.829521,-73.874516
942,MORRISON AVE,Morrison Av- Sound View,40.829521,-73.874516
943,MOSHOLU PARKWAY,Mosholu Pkwy,40.87975,-73.884655
944,MOSHOLU PKWY,Mosholu Pkwy,40.87975,-73.884655
945,MT EDEN AVE,Mt Eden Av,40.844434,-73.914685
946,MT EDEN AV,Mt Eden Av,40.844434,-73.914685
947,MYRTLE AVE,Myrtle - Wyckoff Avs,40.69943,-73.912385
948,MYRTLE AVE,Myrtle - Wyckoff Avs,40.699814,-73.911586
949,MYRTLE-WYCKOFF,Myrtle - Wyckoff Avs,40.69943,-73.912385
950,MYRTLE-WYCKOFF,Myrtle - Wyckoff Avs,40.699814,-73.911586
951,MYRTLE AVE,Myrtle Av,40.697207,-73.935657
952,MYRTLE AV,Myrtle Av,40.697207,-73.935657
953,MYRTLE-WILLOUGH,Myrtle Av,40.697207,-73.935657
954,NASSAU ST,Nassau Av,40.724635,-73.951277
955,NASSAU AV,Nassau Av,40.724635,-73.951277
956,NECK ROAD,Neck Rd,40.595246,-73.955161
957,NECK RD,Neck Rd,40.595246,-73.955161
958,NEPTUNE AVE,Neptune Av,40.581011,-73.974574
959,NEPTUNE AV,Neptune Av,40.581011,-73.974574
960,NEREID AVE,Nereid Av,40.898379,-73.854376
961,NEREID AV,Nereid Av,40.898379,-73.854376
962,NEVINS ST,Nevins St,40.688246,-73.980492
963,NEW LOTS,New Lots Av,40.658733,-73.899232
964,NEW LOTS,New Lots Av,40.666235,-73.884079
965,NEW LOTS AVE,New Lots Av,40.658733,-73.899232
966,NEW LOTS AVE,New Lots Av,40.666235,-73.884079
967,NEW LOTS AVE,New Lots Av,40.658733,-73.899232
968,NEW LOTS AVE,New Lots Av,40.666235,-73.884079
969,NEW LOTS AV,New Lots Av,40.658733,-73.899232
970,NEW LOTS AV,New Lots Av,40.666235,-73.884079
971,NEW UTRECHT AVE,New Utrecht Av,40.624842,-73.996353
972,NEW UTRECHT AV,New Utrecht Av,40.624842,-73.996353
973,NEWARK BM BW,New Utrecht Av,40.624842,-73.996353
974,NEWARK C,New Utrecht Av,40.624842,-73.996353
975,NEWARK HM HE,New Utrecht Av,40.624842,-73.996353
976,NEWARK HW BMEBE,New Utrecht Av,40.624842,-73.996353
977,NEWKIRK AVE,Newkirk Av,40.639967,-73.948411
978,NEWKIRK AV,Newkirk Av,40.639967,-73.948411
979,NEWKIRK PLAZA,Newkirk Plaza,40.635082,-73.962793
980,NORTHERN BLVD,Northern Blvd,40.752885,-73.906006
981,NORWOOD 205 ST,Norwood - 205 St,40.874811,-73.878855
982,NORWOOD-205 ST,Norwood - 205 St,40.874811,-73.878855
983,NORWOOD AVE,Norwood Av,40.68141,-73.880039
984,NORWOOD AV,Norwood Av,40.68141,-73.880039
985,NOSTRAND AVE,Nostrand Av,40.680438,-73.950426
986,NOSTRAND AVE,Nostrand Av,40.669847,-73.950466
987,NOSTRAND AVE,Nostrand Av,40.680438,-73.950426
988,NOSTRAND AVE,Nostrand Av,40.669847,-73.950466
989,NOSTRAND AV,Nostrand Av,40.680438,-73.950426
990,NOSTRAND AV,Nostrand Av,40.669847,-73.950466
991,NOSTRAND AV,Nostrand Av,40.680438,-73.950426
992,NOSTRAND AV,Nostrand Av,40.669847,-73.950466
993,OCEAN PARKWAY,Ocean Pkwy,40.576312,-73.968501
994,OCEAN PKWY,Ocean Pkwy,40.576312,-73.968501
995,OZONE PK LEFFRT,Ozone Park - Lefferts Blvd,40.685951,-73.825798
996,PARK PLACE,Park Pl,40.674772,-73.957624
997,PARK PLACE,Park Pl,40.713051,-74.008811
998,PARK PLACE,Park Pl,40.674772,-73.957624
999,PARK PLACE,Park Pl,40.713051,-74.008811
1000,E 177 ST-PARKCH,Parkchester,40.833226,-73.860816
1001,PARKCHESTER,Parkchester,40.833226,-73.860816
1002,PARKSIDE AVE,Parkside Av,40.655292,-73.961495
1003,PARKSIDE AV,Parkside Av,40.655292,-73.961495
1004,PARSONS BLVD,Parsons Blvd,40.707564,-73.803326
1005,PATH NEW WTC,Parsons Blvd,40.707564,-73.803326
1006,PATH WTC,Parsons Blvd,40.707564,-73.803326
1007,PATH WTC 2,Parsons Blvd,40.707564,-73.803326
1008,PAVONIA/NEWPORT,Parsons Blvd,40.707564,-73.803326
1009,PELHAM BAY PARK,Pelham Bay Park,40.852462,-73.828121
1010,PELHAM PARKWAY,Pelham Pkwy,40.857192,-73.867615
1011,PELHAM PARKWAY,Pelham Pkwy,40.858985,-73.855359
1012,PELHAM PARKWAY,Pelham Pkwy,40.857192,-73.867615
1013,PELHAM PARKWAY,Pelham Pkwy,40.858985,-73.855359
1014,PELHAM PKWY,Pelham Pkwy,40.857192,-73.867615
1015,PELHAM PKWY,Pelham Pkwy,40.858985,-73.855359
1016,PELHAM PKWY,Pelham Pkwy,40.857192,-73.867615
1017,PELHAM PKWY,Pelham Pkwy,40.858985,-73.855359
1018,PENNSYLVANIA AV,Pennsylvania Av,40.664635,-73.894895
1019,PRESIDENT ST,President St,40.667883,-73.950683
1020,PRINCE ST-B'WAY,Prince St,40.724329,-73.997702
1021,PRINCE ST,Prince St,40.724329,-73.997702
1022,PRINCE ST,Prince St,40.724329,-73.997702
1023,PROSPECT AVE,Prospect Av,40.665414,-73.992872
1024,PROSPECT AVE,Prospect Av,40.819585,-73.90177
1025,PROSPECT AVE,Prospect Av,40.665414,-73.992872
1026,PROSPECT AVE,Prospect Av,40.819585,-73.90177
1027,PROSPECT AV,Prospect Av,40.665414,-73.992872
1028,PROSPECT AV,Prospect Av,40.819585,-73.90177
1029,PROSPECT AV,Prospect Av,40.665414,-73.992872
1030,PROSPECT AV,Prospect Av,40.819585,-73.90177
1031,PROSPECT PARK,Prospect Park,40.661614,-73.962246
1032,QUEENS PLAZA,Queens Plaza,40.748973,-73.937243
1033,QUEENSBORO PLZ,Queensboro Plaza,40.750582,-73.940202
1034,RALPH AVE,Ralph Av,40.678822,-73.920786
1035,RALPH AV,Ralph Av,40.678822,-73.920786
1036,RECTOR ST,Rector St,40.70722,-74.013342
1037,RECTOR ST,Rector St,40.707513,-74.013783
1038,RECTOR ST,Rector St,40.70722,-74.013342
1039,RECTOR ST,Rector St,40.707513,-74.013783
1040,RECTOR ST,Rector St,40.70722,-74.013342
1041,RECTOR ST,Rector St,40.707513,-74.013783
1042,ROCKAWAY AVE,Rockaway Av,40.67834,-73.911946
1043,ROCKAWAY AVE,Rockaway Av,40.662549,-73.908946
1044,ROCKAWAY AVE,Rockaway Av,40.67834,-73.911946
1045,ROCKAWAY AVE,Rockaway Av,40.662549,-73.908946
1046,ROCKAWAY AV,Rockaway Av,40.67834,-73.911946
1047,ROCKAWAY AV,Rockaway Av,40.662549,-73.908946
1048,ROCKAWAY AV,Rockaway Av,40.67834,-73.911946
1049,ROCKAWAY AV,Rockaway Av,40.662549,-73.908946
1050,ROCKAWAY BLVD,Rockaway Blvd,40.680429,-73.843853
1051,ROCKAWAY PARK B,Rockaway Park - Beach 116 St,40.580903,-73.835592
1052,ROCKAWAY PK 116,Rockaway Park - Beach 116 St,40.580903,-73.835592
1053,ROOSEVELT AVE,Rockaway Park - Beach 116 St,40.580903,-73.835592
1054,ROOSEVELT IS,Roosevelt Island,40.759145,-73.95326
1055,ROOSEVELT ISLND,Roosevelt Island,40.759145,-73.95326
1056,SARATOGA AVE,Saratoga Av,40.661453,-73.916327
1057,SARATOGA AV,Saratoga Av,40.661453,-73.916327
1058,SENECA AVE,Seneca Av,40.702762,-73.90774
1059,SHEEPSHEAD BAY,Sheepshead Bay,40.586896,-73.954155
1060,SHEPHERD AVE,Shepherd Av,40.67413,-73.88075
1061,SHEPHERD AV,Shepherd Av,40.67413,-73.88075
1062,SIMPSON ST,Simpson St,40.824073,-73.893064
1063,SMITH-9 ST,Smith - 9 Sts,40.67358,-73.995959
1064,SOUTH FERRY,Smith - 9 Sts,40.67358,-73.995959
1065,SOUTH FERRY,Smith - 9 Sts,40.67358,-73.995959
1066,SPRING ST,Spring St,40.726227,-74.003739
1067,SPRING ST,Spring St,40.722301,-73.997141
1068,SPRING ST,Spring St,40.726227,-74.003739
1069,SPRING ST,Spring St,40.722301,-73.997141
1070,ST LAWRENCE AVE,St Lawrence Av,40.831509,-73.867618
1071,ST LAWRENCE AV,St Lawrence Av,40.831509,-73.867618
1072,STEINWAY ST,Steinway St,40.756879,-73.92074
1073,STERLING ST,Sterling St,40.662742,-73.95085
1074,SUTPHIN BLVD,Sutphin Blvd - Archer Av - JFK Airport,40.700486,-73.807969
1075,SUTPHIN BLVD,Sutphin Blvd - Archer Av - JFK Airport,40.700486,-73.807969
1076,SUTPHIN-ARCHER,Sutphin Blvd - Archer Av - JFK Airport,40.700486,-73.807969
1077,SUTPHIN-ARCHER,Sutphin Blvd - Archer Av - JFK Airport,40.700486,-73.807969
1078,SUTTER AVE,Sutter Av,40.669367,-73.901975
1079,SUTTER AV,Sutter Av,40.669367,-73.901975
1080,SUTTER AV-RUTLD,Sutter Av - Rutland Rd,40.664717,-73.92261
1081,SUTTER AVE,Sutter Av - Rutland Rd,40.664717,-73.92261
1082,THIRTY ST,Sutter Av - Rutland Rd,40.664717,-73.92261
1083,THIRTY THIRD ST,Sutter Av - Rutland Rd,40.664717,-73.92261
1084,TIMES SQ-42 ST,Times Sq - 42 St,40.754672,-73.986754
1085,TIMES SQ-42 ST,Times Sq - 42 St,40.75529,-73.987495
1086,TIMES SQ-42 ST,Times Sq - 42 St,40.755477,-73.987691
1087,TIMES SQ-42 ST,Times Sq - 42 St,40.755983,-73.986229
1088,TIMES SQ-42 ST,Times Sq - 42 St,40.754672,-73.986754
1089,TIMES SQ-42 ST,Times Sq - 42 St,40.75529,-73.987495
1090,TIMES SQ-42 ST,Times Sq - 42 St,40.755477,-73.987691
1091,TIMES SQ-42 ST,Times Sq - 42 St,40.755983,-73.986229
1092,TIMES SQ-42 ST,Times Sq - 42 St,40.754672,-73.986754
1093,TIMES SQ-42 ST,Times Sq - 42 St,40.75529,-73.987495
1094,TIMES SQ-42 ST,Times Sq - 42 St,40.755477,-73.987691
1095,TIMES SQ-42 ST,Times Sq - 42 St,40.755983,-73.986229
1096,TIMES SQ-42 ST,Times Sq - 42 St,40.754672,-73.986754
1097,TIMES SQ-42 ST,Times Sq - 42 St,40.75529,-73.987495
1098,TIMES SQ-42 ST,Times Sq - 42 St,40.755477,-73.987691
1099,TIMES SQ-42 ST,Times Sq - 42 St,40.755983,-73.986229
1100,TREMONT AVE,Tremont Av,40.85041,-73.905227
1101,TREMONT AV,Tremont Av,40.85041,-73.905227
1102,TWENTY THIRD ST,Tremont Av,40.85041,-73.905227
1103,14 ST,Union Sq - 14 St,40.734789,-73.99073
1104,14 ST,Union Sq - 14 St,40.734789,-73.99073
1105,14 ST,Union Sq - 14 St,40.734789,-73.99073
1106,14 ST-6 AVE,Union Sq - 14 St,40.734789,-73.99073
1107,UNION ST,Union St,40.677316,-73.98311
1108,UNION TPK-KEW G,Union St,40.677316,-73.98311
1109,UTICA AVE,Utica Av,40.679364,-73.930729
1110,UTICA AV,Utica Av,40.679364,-73.930729
1111,VAN ALSTON-21ST,Utica Av,40.679364,-73.930729
1112,V.CORTLANDT PK,Van Cortlandt Park - 242 St,40.889248,-73.898583
1113,VAN SICLEN AVE,Van Siclen Av,40.678024,-73.891688
1114,VAN SICLEN AVE,Van Siclen Av,40.67271,-73.890358
1115,VAN SICLEN AVE,Van Siclen Av,40.665449,-73.889395
1116,VAN SICLEN AVE,Van Siclen Av,40.678024,-73.891688
1117,VAN SICLEN AVE,Van Siclen Av,40.67271,-73.890358
1118,VAN SICLEN AVE,Van Siclen Av,40.665449,-73.889395
1119,VAN SICLEN AVE,Van Siclen Av,40.678024,-73.891688
1120,VAN SICLEN AVE,Van Siclen Av,40.67271,-73.890358
1121,VAN SICLEN AVE,Van Siclen Av,40.665449,-73.889395
1122,VAN SICLEN AV,Van Siclen Av,40.678024,-73.891688
1123,VAN SICLEN AV,Van Siclen Av,40.67271,-73.890358
1124,VAN SICLEN AV,Van Siclen Av,40.665449,-73.889395
1125,VAN SICLEN AV,Van Siclen Av,40.678024,-73.891688
1126,VAN SICLEN AV,Van Siclen Av,40.67271,-73.890358
1127,VAN SICLEN AV,Van Siclen Av,40.665449,-73.889395
1128,VERNON-JACKSON,Vernon Blvd - Jackson Av,40.742626,-73.953581
1129,VERNON/JACKSON,Vernon Blvd - Jackson Av,40.742626,-73.953581
1130,W 4 ST-WASH SQ,W 4 St,40.732338,-74.000495
1131,W 8 ST-AQUARIUM,W 8 St - NY Aquarium,40.576127,-73.975939
1132,WAKEFIELD-241,Wakefield - 241 St,40.903125,-73.85062
1133,WAKEFIELD/241,Wakefield - 241 St,40.903125,-73.85062
1134,WALL ST,Wall St,40.706821,-74.0091
1135,WALL ST,Wall St,40.707557,-74.011862
1136,WALL ST,Wall St,40.706821,-74.0091
1137,WALL ST,Wall St,40.707557,-74.011862
1138,WEST FARMS SQ,West Farms Sq - E Tremont Av,40.840295,-73.880049
1139,WESTCHESTER SQ,Westchester Sq - E Tremont Av,40.839892,-73.842952
1140,WHITEHALL S-FRY,Whitehall St,40.703087,-74.012994
1141,WHITEHALL S-FRY,Whitehall St,40.703087,-74.012994
1142,WHITEHALL ST,Whitehall St,40.703087,-74.012994
1143,WHITLOCK AVE,Whitlock Av,40.826525,-73.886283
1144,WHITLOCK AV,Whitlock Av,40.826525,-73.886283
1145,WILSON AVE,Wilson Av,40.688764,-73.904046
1146,WILSON AV,Wilson Av,40.688764,-73.904046
1147,WINTHROP ST,Winthrop St,40.656652,-73.9502
1148,WOODHAVEN BLVD,Woodhaven Blvd,40.693879,-73.851576
1149,WOODHAVEN BLVD,Woodhaven Blvd,40.733106,-73.869229
1150,WOODHAVEN BLVD,Woodhaven Blvd,40.693879,-73.851576
1151,WOODHAVEN BLVD,Woodhaven Blvd,40.733106,-73.869229
1152,WOODLAWN ROAD,Woodlawn,40.886037,-73.878751
1153,WOODLAWN,Woodlawn,40.886037,-73.878751
1154,61 ST WOODSIDE,Woodside - 61 St,40.74563,-73.902984
1155,61 ST/WOODSIDE,Woodside - 61 St,40.74563,-73.902984
1156,WORLD TRADE CTR,World Trade Center,40.712582,-74.009781
1157,YORK ST,York St,40.701397,-73.986751
1158,ZEREGA AVE,Zerega Av,40.836488,-73.847036
1159,ZEREGA AV,Zerega Av,40.836488,-73.847036
